"osm_id","name","access","addr:city","addr:country","addr:housenumber","addr:postcode","addr:state","addr:street","addr:unit","amenity","amenity_1","amenity_2","amenity_3","atm","attribution","brand","brand:website","brand:wikidata","building","car_wash","check_date","compressed_air","cuisine","dataset","dcgis:full_service","dcgis:gis_id","description","ele","fuel:NONE","fuel:diesel","fuel:e10","fuel:electricity","fuel:gasoline","fuel:gasoline_87","fuel:gasoline_89","fuel:gasoline_93","fuel:kerosene","fuel:octane_87","fuel:octane_89","fuel:octane_91","fuel:octane_93","fuel:octane_95","fuel:propane","fuel:propane_tank","full_service","gas","highway","internet","internet_access","layer","level","name:en","note","official_name","old_name","opening_hours","operator","payment:american_express","payment:apple_pay","payment:cash","payment:credit_cards","payment:debit_cards","payment:discover_card","payment:exxonmobil_fleet","payment:google_pay","payment:mastercard","payment:unionpay","payment:visa","phone","ref","restaurant","restroom","self_service","service:vehicle:car_repair","shop","source","toilets","vacuum_cleaner","website","wheelchair","wpt_description","LON","LAT"
"299794273","Duke Street Liberty",NA,"Alexandria",NA,"5412","22304","VA","Duke Street",NA,"fuel",NA,NA,NA,NA,NA,"Liberty",NA,"Q96781174",NA,NA,NA,"yes",NA,NA,NA,NA,NA,NA,NA,"no",NA,NA,"yes",NA,NA,NA,NA,NA,NA,NA,NA,NA,NA,NA,NA,NA,NA,NA,NA,NA,NA,NA,"NO DIESEL",NA,NA,NA,NA,NA,NA,NA,NA,NA,NA,NA,NA,NA,NA,NA,NA,NA,NA,NA,NA,NA,"car_repair",NA,NA,"yes",NA,NA,NA,"-77.1258168","38.8126769"
"299794335","Exxon",NA,"Lincolnia",NA,"6261","22312","VA","Little River Turnpike",NA,"fuel",NA,NA,NA,"yes",NA,"Exxon",NA,"Q109675651",NA,"yes",NA,"yes",NA,NA,NA,NA,NA,NA,NA,NA,"yes",NA,NA,NA,NA,NA,NA,NA,NA,NA,NA,NA,"yes",NA,NA,NA,NA,NA,NA,NA,NA,NA,NA,NA,NA,"24/7",NA,NA,"yes",NA,NA,NA,NA,NA,"yes",NA,NA,NA,"+1 703-752-5875","200312517",NA,NA,"yes",NA,NA,NA,"yes",NA,"https://www.exxon.com/en/find-station/exxon-alexandria-va-lincolniaexxon-200312517","yes",NA,"-77.1424937","38.8175991"
"299794336","Sunoco",NA,"Alexandria",NA,"6300","22312","VA","Little River Turnpike",NA,"fuel",NA,NA,NA,NA,NA,"Sunoco",NA,"Q1423218",NA,NA,NA,NA,NA,NA,NA,NA,NA,NA,NA,NA,NA,NA,NA,NA,NA,NA,NA,NA,NA,NA,NA,NA,NA,NA,NA,NA,NA,NA,NA,NA,NA,NA,"Store #0896047802",NA,NA,"Tu 00:00-23:59",NA,NA,NA,NA,NA,NA,NA,NA,NA,NA,NA,NA,NA,NA,NA,NA,NA,NA,NA,NA,NA,NA,NA,"yes",NA,"-77.1436155","38.8187069"
"299794451","Yates Automotive",NA,"Alexandria",NA,"317","22301","VA","East Braddock Road",NA,"fuel",NA,NA,NA,NA,NA,"Sunoco",NA,"Q1423218",NA,NA,NA,NA,NA,NA,NA,NA,NA,NA,NA,NA,NA,NA,NA,NA,NA,NA,NA,NA,NA,NA,NA,NA,NA,NA,NA,NA,NA,NA,NA,NA,NA,NA,"Store #0348351803",NA,NA,"Tu 07:00-20:00",NA,NA,NA,NA,NA,NA,NA,NA,NA,NA,NA,NA,NA,NA,NA,NA,NA,NA,NA,"survey",NA,NA,NA,NA,NA,"-77.0566496","38.8135707"
"299794459","Shell",NA,"Alexandria",NA,"442","22314","VA","North Henry Street",NA,"fuel","compressed_air",NA,NA,NA,NA,"Shell",NA,"Q110716465",NA,NA,NA,NA,NA,NA,NA,NA,NA,NA,NA,"yes",NA,NA,"yes",NA,NA,NA,NA,NA,NA,NA,NA,NA,NA,NA,NA,NA,NA,NA,NA,NA,NA,NA,NA,NA,NA,"Mo-Sa 06:00-22:00; Su 07:00-21:00",NA,NA,NA,NA,NA,NA,NA,NA,NA,NA,NA,NA,"+1 703-683-0794",NA,NA,NA,NA,NA,NA,NA,NA,NA,"https://find.shell.com/us/fuel/12660090-442-n-henry-st/en_US",NA,NA,"-77.0506021","38.8099812"
"299794479","Old Town Mart",NA,"Alexandria",NA,"834","22314","VA","North Washington Street",NA,"fuel",NA,NA,NA,NA,NA,"Mobil",NA,"Q109676002",NA,NA,NA,NA,NA,NA,NA,NA,"NO DIESEL",NA,NA,"no",NA,NA,"yes",NA,NA,NA,NA,NA,NA,NA,NA,NA,NA,NA,NA,NA,NA,NA,NA,NA,NA,NA,NA,NA,NA,"24/7",NA,NA,NA,NA,NA,NA,NA,NA,NA,NA,NA,NA,NA,NA,NA,NA,NA,NA,NA,NA,NA,NA,"https://www.exxon.com/en/find-station/alexandria-va-oldtownmart-200326845",NA,NA,"-77.0453786","38.8139433"
"299794506","Shell",NA,"Alexandria",NA,"801","22314","VA","North Washington Street","A","fuel","compressed_air",NA,NA,NA,NA,"Shell",NA,"Q110716465",NA,"no",NA,NA,NA,NA,NA,NA,NA,NA,NA,"yes",NA,NA,"yes",NA,NA,NA,NA,NA,NA,NA,NA,NA,NA,NA,NA,NA,NA,NA,NA,NA,NA,NA,NA,NA,NA,NA,"Shell",NA,NA,NA,NA,NA,NA,NA,NA,NA,NA,NA,"+1 703-549-1782",NA,NA,NA,NA,NA,NA,"knowledge",NA,NA,"https://find.shell.com/us/fuel/12458947-801-n-washington-st/en_US",NA,NA,"-77.0449183","38.8132473"
"299794534","Liberty",NA,"Alexandria",NA,"725","22314","VA","North Washington Street",NA,"fuel",NA,NA,NA,NA,NA,"Liberty",NA,"Q96781174",NA,NA,NA,NA,NA,NA,NA,NA,NA,NA,NA,NA,NA,NA,NA,NA,NA,NA,NA,NA,NA,NA,NA,NA,NA,NA,NA,NA,NA,NA,NA,NA,NA,NA,NA,NA,NA,NA,NA,NA,NA,NA,NA,NA,NA,NA,NA,NA,NA,NA,NA,NA,NA,NA,NA,NA,NA,"knowledge",NA,NA,NA,NA,NA,"-77.044957","38.812518"
"299794542","Exxon",NA,"Alexandria","US","703","22314","VA","North Washington Street",NA,"fuel",NA,NA,NA,"yes",NA,"Exxon",NA,"Q109675651",NA,"no",NA,"yes",NA,NA,NA,NA,NA,NA,NA,"yes","yes",NA,"yes",NA,NA,NA,NA,NA,NA,NA,NA,NA,NA,NA,NA,NA,NA,NA,NA,NA,NA,NA,NA,NA,NA,"Mo-Su 07:00-21:00",NA,NA,"yes",NA,NA,NA,NA,"yes","yes",NA,NA,NA,"+1 703-549-0854","200309410",NA,NA,"yes",NA,NA,NA,"yes","yes","https://www.exxon.com/en/find-station/exxon-alexandria-va-alexandriaexxon-200309410",NA,NA,"-77.045106","38.812123"
"309522679","Sunoco",NA,"Arlington","US","1830","22209","VA","Fort Myer Drive",NA,"fuel",NA,NA,NA,NA,NA,"Sunoco",NA,"Q1423218",NA,NA,NA,NA,NA,NA,NA,NA,NA,NA,NA,NA,NA,NA,NA,NA,NA,NA,NA,NA,NA,NA,NA,NA,NA,NA,NA,NA,NA,NA,NA,NA,"0",NA,NA,"Sunoco #0794835900",NA,"Tu 06:00-23:59",NA,NA,NA,NA,NA,NA,NA,NA,NA,NA,NA,NA,"+1 301-972-4116","0794835900",NA,NA,NA,NA,NA,NA,NA,NA,NA,NA,NA,"-77.0726494","38.8963749"
"343312378","Shell",NA,"Tysons",NA,"8411","22182","VA","Leesburg Pike",NA,"fuel",NA,NA,NA,NA,NA,"Shell",NA,"Q110716465",NA,NA,NA,NA,NA,NA,NA,NA,NA,NA,NA,NA,NA,NA,NA,NA,NA,NA,NA,NA,NA,NA,NA,NA,NA,NA,NA,NA,NA,NA,NA,NA,NA,NA,NA,NA,NA,NA,NA,NA,NA,NA,NA,NA,NA,NA,NA,NA,NA,NA,NA,NA,NA,NA,NA,NA,NA,NA,NA,NA,NA,NA,NA,"-77.2373506","38.9239327"
"577352248","Exxon Mobil",NA,"Herndon",NA,"2601","20171","VA","Quincy Adams Drive",NA,"fuel",NA,NA,NA,"yes",NA,"Exxon",NA,"Q109675651",NA,NA,NA,"yes",NA,NA,NA,NA,NA,NA,NA,NA,NA,NA,NA,NA,NA,NA,NA,NA,NA,NA,NA,NA,NA,NA,NA,NA,NA,NA,NA,NA,NA,NA,NA,NA,NA,"24/7",NA,NA,"yes",NA,NA,NA,NA,"yes","yes",NA,NA,NA,"+1 703-860-8972","200317576",NA,NA,"yes",NA,NA,NA,"yes",NA,"https://www.exxon.com/en/find-station/exxon-herndon-va-aplus83-200317576",NA,NA,"-77.3766405","38.9254539"
"663104641","Exxon",NA,"Vienna",NA,"395","22180","VA","East Maple Avenue",NA,"fuel",NA,NA,NA,"yes",NA,"Exxon",NA,"Q109675651",NA,NA,NA,"yes",NA,NA,NA,NA,NA,NA,NA,NA,"yes",NA,NA,NA,NA,NA,NA,NA,NA,NA,NA,NA,"yes",NA,NA,NA,NA,NA,NA,NA,NA,NA,NA,NA,NA,"Mo-Th 05:00-23:00; Fr 05:00-12:00; Sa 06:00-12:00; Su 06:00-23:00",NA,NA,"yes",NA,NA,NA,NA,NA,"yes",NA,NA,NA,"+1 703-255-2273","200311093",NA,NA,"yes",NA,NA,NA,NA,NA,"https://www.exxon.com/en/find-station/exxon-vienna-va-viennatigermart-200311093",NA,NA,"-77.2584211","38.9067171"
"755406017","7-Eleven",NA,"Sterling",NA,"712","20164-4610","VA","West Church Street",NA,"fuel",NA,NA,NA,NA,NA,"7-Eleven",NA,"Q259340",NA,NA,NA,NA,NA,NA,NA,NA,NA,NA,NA,NA,NA,NA,NA,NA,NA,NA,NA,NA,NA,NA,NA,NA,NA,NA,NA,NA,NA,NA,NA,NA,NA,NA,NA,NA,NA,NA,NA,NA,NA,NA,NA,NA,NA,NA,NA,NA,NA,NA,"+1 703-444-1215",NA,NA,NA,NA,NA,NA,NA,NA,NA,"https://www.7-eleven.com/locations/va/sterling/712-w-church-st-10656",NA,NA,"-77.4136701","39.0072292"
"755406053","Sunoco",NA,"Sterling",NA,"716","20164","VA","West Church Road",NA,"fuel",NA,NA,NA,NA,NA,"Sunoco",NA,"Q1423218",NA,NA,NA,NA,NA,NA,NA,NA,NA,NA,NA,NA,NA,NA,NA,NA,NA,NA,NA,NA,NA,NA,NA,NA,NA,NA,NA,NA,NA,NA,NA,NA,NA,NA,NA,NA,NA,NA,NA,NA,NA,NA,NA,NA,NA,NA,NA,NA,NA,NA,NA,NA,NA,NA,NA,NA,NA,NA,NA,NA,NA,NA,NA,"-77.4141065","39.0072941"
"755406109","Shell",NA,"Sterling",NA,"100","20164","VA","Commerce Street",NA,"fuel",NA,NA,NA,NA,NA,"Shell",NA,"Q110716465",NA,NA,NA,NA,NA,NA,NA,NA,NA,NA,NA,NA,NA,NA,NA,NA,NA,NA,NA,NA,NA,NA,NA,NA,NA,NA,NA,NA,NA,NA,NA,NA,NA,NA,NA,NA,NA,NA,NA,NA,NA,NA,NA,NA,NA,NA,NA,NA,NA,NA,NA,NA,NA,NA,"yes",NA,NA,NA,NA,NA,NA,NA,NA,"-77.4017597","39.0000443"
"778710048","Exxon",NA,"Vienna",NA,"2081","22180","VA","Chain Bridge Road",NA,"fuel",NA,NA,NA,"yes",NA,"Exxon",NA,"Q109675651",NA,NA,NA,"yes",NA,NA,NA,NA,NA,NA,NA,NA,"yes",NA,NA,NA,NA,NA,NA,NA,NA,NA,NA,NA,NA,NA,NA,NA,NA,NA,NA,NA,NA,NA,NA,NA,NA,"Mo-Su 05:00-00:00","Exxon",NA,"yes",NA,NA,NA,NA,NA,"yes",NA,NA,NA,"+1 703-893-6644","200311092",NA,NA,"yes",NA,NA,NA,"yes",NA,"https://www.exxon.com/en/find-station/exxon-vienna-va-westsideexxon-200311092",NA,NA,"-77.2375616","38.9159854"
"778710049","Shell",NA,"Vienna",NA,"2084","22182","VA","Chain Bridge Road",NA,"fuel",NA,NA,NA,NA,NA,"Shell",NA,"Q110716465",NA,NA,NA,NA,NA,NA,NA,NA,NA,NA,NA,NA,NA,NA,NA,NA,NA,NA,NA,NA,NA,NA,NA,NA,NA,NA,NA,NA,NA,NA,NA,NA,NA,NA,NA,NA,NA,NA,"Sunoco",NA,NA,NA,NA,NA,NA,NA,NA,NA,NA,NA,NA,NA,NA,NA,NA,NA,NA,NA,NA,NA,NA,NA,NA,"-77.2381946","38.9165364"
"778710050","Sunoco",NA,"Vienna",NA,"2210","22027","VA","Gallows Road",NA,"fuel",NA,NA,NA,NA,NA,"Sunoco",NA,"Q1423218",NA,NA,NA,NA,NA,NA,NA,NA,NA,NA,NA,NA,NA,NA,NA,NA,NA,NA,NA,NA,NA,NA,NA,NA,NA,NA,NA,NA,NA,NA,NA,NA,NA,NA,NA,NA,NA,NA,"Sunoco",NA,NA,NA,NA,NA,NA,NA,NA,NA,NA,NA,NA,NA,NA,NA,NA,NA,NA,NA,NA,NA,NA,NA,NA,"-77.2242149","38.9010205"
"778710051","Sunoco",NA,"Vienna",NA,"2212","22027","VA","Gallows Road",NA,"fuel",NA,NA,NA,NA,NA,"Sunoco",NA,"Q1423218",NA,NA,NA,NA,NA,NA,NA,NA,NA,NA,NA,NA,NA,NA,NA,NA,NA,NA,NA,NA,NA,NA,NA,NA,NA,NA,NA,NA,NA,NA,NA,NA,NA,NA,NA,NA,NA,NA,"Sunoco",NA,NA,NA,NA,NA,NA,NA,NA,NA,NA,NA,NA,NA,NA,NA,NA,NA,NA,NA,NA,NA,NA,NA,NA,"-77.2242257","38.9002356"
"778710052","Shell",NA,"Vienna",NA,"2530","22180","VA","Cedar Lane",NA,"fuel",NA,NA,NA,NA,NA,"Shell",NA,"Q110716465",NA,NA,NA,NA,NA,NA,NA,NA,NA,NA,NA,NA,NA,NA,NA,NA,NA,NA,NA,NA,NA,NA,NA,NA,NA,NA,NA,NA,NA,NA,NA,NA,NA,NA,NA,NA,NA,NA,NA,NA,NA,NA,NA,NA,NA,NA,NA,NA,NA,NA,NA,NA,NA,NA,NA,NA,NA,"knowledge",NA,NA,NA,NA,NA,"-77.242496","38.8885857"
"840575883","Exxon Mobil",NA,"Reston",NA,"11808","20190","VA","Baron Cameron Avenue",NA,"fuel",NA,NA,NA,"yes",NA,"Exxon",NA,"Q109675651",NA,"yes",NA,"yes",NA,NA,NA,NA,NA,NA,NA,NA,"yes",NA,NA,NA,NA,NA,NA,NA,NA,NA,NA,NA,"yes",NA,NA,NA,NA,NA,NA,NA,NA,NA,NA,NA,NA,"24/7",NA,NA,"yes",NA,NA,NA,NA,NA,"yes",NA,NA,NA,"+1 703-435-8989","200314440",NA,NA,"yes",NA,NA,NA,"yes",NA,"https://www.exxon.com/en/find-station/exxon-reston-va-restontowncenterexxon-200314440",NA,NA,"-77.3563999","38.9668985"
"844292003","Exxon",NA,"Fairfax",NA,"10485","22030","VA","Fairfax Boulevard",NA,"fuel",NA,NA,NA,NA,NA,"Exxon",NA,"Q109675651",NA,NA,NA,NA,NA,NA,NA,NA,NA,"109.2347412",NA,NA,NA,NA,NA,NA,NA,NA,NA,NA,NA,NA,NA,NA,NA,NA,NA,NA,NA,NA,NA,NA,NA,NA,NA,NA,NA,NA,NA,NA,NA,NA,NA,NA,NA,NA,NA,NA,NA,NA,NA,NA,NA,NA,NA,NA,NA,NA,NA,NA,NA,NA,"30-JUL-10 16:34:56","-77.3070093","38.8581557"
"924685949","Exxon Mobil",NA,"Reston",NA,"1818","20190-5209","VA","Wiehle Avenue",NA,"fuel",NA,NA,NA,"yes",NA,"Exxon",NA,"Q109675651",NA,"yes",NA,"yes",NA,NA,NA,NA,NA,NA,NA,NA,"yes",NA,NA,NA,NA,NA,NA,NA,NA,NA,NA,NA,NA,NA,NA,NA,NA,NA,NA,NA,NA,NA,NA,NA,NA,"Mo-Su 06:00-23:00",NA,NA,"yes",NA,NA,NA,NA,"yes","yes",NA,NA,NA,"+1 703-467-8270","200317573",NA,NA,"yes",NA,NA,NA,NA,NA,"https://www.exxon.com/en/find-station/exxon-reston-va-aplus80-200317573",NA,NA,"-77.3358103","38.9513932"
"927130487","Sunoco",NA,"Reston",NA,"11190",NA,"VA","South Lakes Drive",NA,"fuel",NA,NA,NA,NA,NA,"Sunoco",NA,"Q1423218",NA,NA,NA,NA,NA,NA,NA,NA,NA,NA,NA,NA,NA,NA,NA,NA,NA,NA,NA,NA,NA,NA,NA,NA,NA,NA,NA,NA,NA,NA,NA,NA,NA,NA,NA,NA,NA,NA,NA,NA,NA,NA,NA,NA,NA,NA,NA,NA,NA,NA,NA,NA,NA,NA,NA,NA,NA,NA,NA,NA,NA,NA,NA,"-77.3294548","38.9381703"
"932105011","Sunoco",NA,"Reston",NA,"12191",NA,"VA","Sunset Hills Road",NA,"fuel",NA,NA,NA,NA,NA,"Sunoco",NA,"Q1423218",NA,NA,NA,NA,NA,NA,NA,NA,NA,NA,NA,NA,NA,NA,NA,NA,NA,NA,NA,NA,NA,NA,NA,NA,NA,NA,NA,NA,NA,NA,NA,NA,NA,NA,NA,NA,NA,NA,NA,NA,NA,NA,NA,NA,NA,NA,NA,NA,NA,NA,NA,NA,NA,NA,NA,NA,NA,NA,NA,NA,NA,NA,NA,"-77.3677141","38.9541128"
"932654239","Exxon Mobil",NA,"Reston",NA,"11854","20191-3302","VA","Sunrise Valley Drive",NA,"fuel",NA,NA,NA,"yes",NA,"Exxon",NA,"Q109675651",NA,"yes",NA,"yes",NA,NA,NA,NA,NA,NA,NA,NA,"yes",NA,NA,NA,NA,NA,NA,NA,NA,NA,NA,NA,"yes",NA,NA,NA,NA,NA,NA,NA,NA,NA,NA,NA,NA,"Mo-Su 06:00-23:00",NA,NA,"yes",NA,NA,NA,NA,"yes","yes",NA,NA,NA,"+1 703-860-5996","200317571",NA,NA,"yes",NA,NA,NA,"yes",NA,"https://www.exxon.com/en/find-station/exxon-reston-va-aplus79-200317571",NA,NA,"-77.3569131","38.9471558"
"935884217","Mobil",NA,"Reston",NA,"11410","20190","VA","North Shore Drive",NA,"fuel",NA,NA,NA,NA,NA,"Mobil",NA,"Q109676002",NA,NA,NA,NA,NA,NA,NA,NA,NA,NA,NA,NA,NA,NA,NA,NA,NA,NA,NA,NA,NA,NA,NA,NA,NA,NA,NA,NA,NA,NA,NA,NA,NA,NA,NA,NA,NA,NA,NA,NA,NA,NA,NA,NA,NA,NA,NA,NA,NA,NA,NA,NA,NA,NA,NA,NA,NA,NA,NA,NA,NA,NA,NA,"-77.3402994","38.9703777"
"950682893","Sunoco",NA,"Arlington",NA,"4601","22201","VA","Washington Boulevard",NA,"fuel",NA,NA,NA,NA,NA,"Sunoco",NA,"Q1423218",NA,NA,NA,NA,NA,NA,NA,NA,NA,NA,NA,"yes",NA,NA,NA,NA,NA,NA,NA,"yes","yes","yes",NA,"yes",NA,NA,NA,NA,NA,NA,NA,NA,NA,NA,NA,NA,NA,"24/7",NA,NA,NA,NA,NA,NA,NA,NA,NA,NA,NA,NA,"+1-703-528-0646","0111719100",NA,NA,"yes",NA,NA,NA,NA,NA,"https://www.sunoco.com/locations/store/4601-n-washington-blvd-arlington-va-0111719100",NA,NA,"-77.1177704","38.885715"
"1269978293","Exxon",NA,"Herndon",NA,"2990","20171","VA","Centreville Road",NA,"fuel",NA,NA,NA,"yes",NA,"Exxon",NA,"Q109675651",NA,"yes",NA,"yes",NA,NA,NA,NA,NA,NA,NA,NA,"yes",NA,NA,NA,NA,NA,NA,NA,NA,NA,NA,NA,"yes",NA,NA,NA,NA,NA,NA,NA,NA,NA,NA,NA,NA,"24/7",NA,NA,"yes",NA,NA,NA,NA,NA,"yes",NA,NA,NA,"+1 703-435-9104","200317570",NA,NA,"yes",NA,NA,NA,NA,NA,"https://www.exxon.com/en/find-station/exxon-herndon-va-uppys78-200317570",NA,NA,"-77.4171505","38.9245628"
"1276008223","7-Eleven",NA,"Manassas","US","11007","20110-2023","VA","Nokesville Road",NA,"fuel",NA,NA,NA,NA,NA,"7-Eleven",NA,"Q259340",NA,NA,NA,NA,NA,NA,NA,NA,"7 Eleven",NA,NA,NA,NA,NA,NA,NA,NA,NA,NA,NA,NA,NA,NA,NA,NA,NA,NA,NA,NA,NA,NA,NA,NA,NA,NA,NA,NA,NA,NA,NA,NA,NA,NA,NA,NA,NA,NA,NA,NA,NA,"+1 703-392-6629",NA,NA,NA,NA,NA,NA,NA,NA,NA,"https://www.7-eleven.com/locations/va/manassas/11007-nokesville-rd-29104",NA,NA,"-77.5270862","38.738783"
"1652573016","Annandale Service Center",NA,"Annandale",NA,"7029","22003","VA","Columbia Pike",NA,"fuel",NA,NA,NA,NA,"restaurant",NA,NA,NA,NA,NA,NA,NA,"mexican",NA,NA,NA,NA,NA,NA,NA,NA,NA,NA,NA,NA,NA,NA,NA,NA,NA,NA,NA,NA,NA,NA,NA,NA,NA,NA,NA,NA,NA,NA,NA,NA,NA,NA,NA,NA,NA,NA,NA,NA,NA,NA,NA,NA,NA,NA,NA,NA,NA,NA,NA,NA,NA,NA,NA,NA,NA,NA,"-77.188487","38.833099"
"1652573026","Sunoco",NA,"Annandale",NA,"7206","22003","VA","Little River Turnpike",NA,"fuel",NA,NA,NA,NA,NA,"Sunoco",NA,"Q1423218",NA,NA,NA,NA,NA,NA,NA,NA,NA,NA,NA,NA,NA,NA,NA,NA,NA,NA,NA,NA,NA,NA,NA,NA,NA,NA,NA,NA,NA,NA,NA,NA,NA,NA,NA,NA,NA,NA,NA,NA,NA,NA,NA,NA,NA,NA,NA,NA,NA,NA,NA,NA,NA,NA,NA,NA,NA,NA,NA,NA,NA,NA,NA,"-77.1938975","38.8303309"
"1653521435","Annandale Citgo",NA,"Annandale",NA,"7131","22003","VA","Columbia Pike",NA,"fuel",NA,NA,NA,NA,NA,"Citgo",NA,"Q2974437",NA,NA,NA,NA,NA,NA,NA,NA,NA,NA,NA,NA,NA,NA,NA,NA,NA,NA,NA,NA,NA,NA,NA,NA,NA,NA,NA,NA,NA,NA,NA,NA,NA,NA,NA,NA,NA,NA,NA,NA,NA,NA,NA,NA,NA,NA,NA,NA,NA,NA,NA,NA,NA,NA,NA,NA,NA,NA,NA,NA,NA,NA,NA,"-77.1917067","38.8319648"
"1653521440","BP",NA,"Annandale",NA,"7101","22003","VA","Columbia Pike",NA,"fuel",NA,NA,NA,NA,NA,"BP",NA,"Q152057",NA,NA,NA,NA,NA,NA,NA,NA,NA,NA,NA,NA,NA,NA,NA,NA,NA,NA,NA,NA,NA,NA,NA,NA,NA,NA,NA,NA,NA,NA,NA,NA,NA,NA,NA,NA,NA,"Mo-Su 07:00-22:00",NA,NA,NA,NA,NA,NA,NA,NA,NA,NA,NA,NA,"+1 703-354-4641",NA,NA,NA,NA,NA,"convenience",NA,"yes",NA,NA,NA,NA,"-77.1898613","38.8325375"
"1653903941","Exxon",NA,"Fairfax",NA,"10480","22030","VA","Lee Highway",NA,"fuel",NA,NA,NA,NA,NA,"Exxon",NA,"Q109675651",NA,NA,NA,NA,NA,NA,NA,NA,NA,NA,NA,NA,NA,NA,NA,NA,NA,NA,NA,NA,NA,NA,NA,NA,NA,NA,NA,NA,NA,NA,NA,NA,NA,NA,NA,NA,NA,NA,NA,NA,NA,NA,NA,NA,NA,NA,NA,NA,NA,NA,NA,NA,NA,NA,NA,NA,NA,NA,NA,NA,NA,NA,NA,"-77.3069993","38.8587421"
"1653903944","Shell",NA,"Fairfax",NA,"3560","22030","VA","Chain Bridge Road",NA,"fuel",NA,NA,NA,NA,NA,"Shell",NA,"Q110716465",NA,NA,NA,NA,NA,NA,NA,NA,NA,NA,NA,NA,NA,NA,NA,NA,NA,NA,NA,NA,NA,NA,NA,NA,NA,NA,NA,NA,NA,NA,NA,NA,NA,NA,NA,NA,NA,NA,NA,NA,NA,NA,NA,NA,NA,NA,NA,NA,NA,NA,NA,NA,NA,NA,NA,NA,NA,NA,NA,NA,NA,NA,NA,"-77.3077695","38.8598142"
"1667273862","Dan's Merrifield Sunoco",NA,"Falls Church",NA,"8030",NA,"VA","Route 29",NA,"fuel",NA,NA,NA,NA,NA,"Sunoco",NA,"Q1423218",NA,NA,NA,NA,NA,NA,NA,NA,NA,NA,NA,NA,NA,"no",NA,NA,NA,NA,NA,NA,NA,NA,NA,NA,NA,NA,NA,NA,NA,NA,NA,NA,NA,NA,NA,NA,NA,NA,NA,NA,NA,NA,NA,NA,NA,NA,NA,NA,NA,NA,NA,NA,NA,NA,NA,NA,NA,NA,NA,NA,NA,NA,NA,"-77.2229621","38.8757954"
"1691334128","Shell",NA,"Arlington",NA,"3100","22204","VA","Columbia Pike",NA,"fuel",NA,NA,NA,"yes",NA,"Shell",NA,"Q110716465",NA,NA,NA,"yes",NA,NA,NA,NA,NA,NA,NA,"yes",NA,NA,"yes",NA,NA,NA,NA,NA,NA,NA,NA,NA,NA,NA,NA,NA,NA,NA,NA,NA,NA,NA,NA,NA,NA,"24/7",NA,NA,NA,NA,NA,NA,NA,NA,NA,NA,NA,NA,"+1-703-685-0266",NA,NA,NA,NA,NA,NA,NA,NA,NA,"https://find.shell.com/us/fuel/10048696-3100-columbia-pike/en_US",NA,NA,"-77.0887269","38.8619253"
"1709085898","7-Eleven",NA,"Sterling",NA,"23131","20166","VA","Rock Hill Road",NA,"fuel",NA,NA,NA,NA,NA,"7-Eleven",NA,"Q259340",NA,NA,NA,NA,NA,NA,NA,NA,NA,NA,NA,NA,NA,NA,NA,NA,NA,NA,NA,NA,NA,NA,NA,NA,NA,NA,NA,NA,NA,NA,NA,NA,NA,"7-Eleven",NA,NA,NA,"24/7",NA,NA,NA,NA,NA,NA,NA,NA,NA,NA,NA,NA,"+1 703-437-0104",NA,NA,NA,NA,NA,NA,NA,NA,NA,"https://www.7-eleven.com/locations/va/sterling/23131-rock-hill-road-32284",NA,NA,"-77.4097624","38.9764877"
"1828203780","Shell",NA,"Vienna",NA,"8020","22182","VA","Leesburg Pike",NA,"fuel",NA,NA,NA,NA,NA,"Shell",NA,"Q110716465",NA,NA,NA,NA,NA,NA,NA,NA,NA,NA,NA,NA,NA,NA,NA,NA,NA,NA,NA,NA,NA,NA,NA,NA,NA,NA,NA,NA,NA,NA,NA,NA,NA,NA,NA,NA,NA,NA,NA,NA,NA,NA,NA,NA,NA,NA,NA,NA,NA,NA,NA,NA,NA,NA,NA,NA,NA,NA,NA,NA,NA,NA,NA,"-77.221439","38.91302"
"1828210885","Shell",NA,"Vienna",NA,"8047","22182","VA","Leesburg Pike",NA,"fuel",NA,NA,NA,NA,NA,"Shell",NA,"Q110716465",NA,NA,NA,NA,NA,NA,NA,NA,NA,NA,NA,NA,NA,NA,NA,NA,NA,NA,NA,NA,NA,NA,NA,NA,NA,NA,NA,NA,NA,NA,NA,NA,NA,NA,NA,NA,NA,NA,NA,NA,NA,NA,NA,NA,NA,NA,NA,NA,NA,NA,NA,NA,NA,NA,NA,NA,NA,NA,NA,NA,NA,NA,NA,"-77.225274","38.914137"
"1837195583","Liberty",NA,"Fairfax",NA,NA,NA,"VA",NA,NA,"fuel",NA,NA,NA,NA,NA,"Liberty",NA,"Q96781174",NA,NA,NA,NA,NA,NA,NA,NA,NA,NA,NA,NA,NA,NA,NA,NA,NA,NA,NA,NA,NA,NA,NA,NA,NA,NA,NA,NA,NA,NA,NA,NA,NA,NA,NA,NA,NA,NA,"Fairfax Circle",NA,NA,NA,NA,NA,NA,NA,NA,NA,NA,NA,NA,NA,NA,NA,NA,NA,NA,NA,NA,NA,NA,NA,NA,"-77.2746295","38.8643537"
"1837195623","Shell",NA,"Fairfax",NA,"9605","22031","VA","Fairfax Boulevard",NA,"fuel",NA,NA,NA,NA,NA,"Shell",NA,"Q110716465","yes",NA,NA,NA,NA,NA,NA,NA,NA,NA,NA,NA,NA,NA,NA,NA,NA,NA,NA,NA,NA,NA,NA,NA,NA,NA,NA,NA,NA,NA,NA,NA,NA,NA,NA,NA,NA,NA,"Circle Shell",NA,NA,NA,NA,NA,NA,NA,NA,NA,NA,NA,NA,NA,NA,NA,NA,NA,NA,NA,NA,NA,NA,NA,NA,"-77.2761547","38.8641393"
"1843474694","Exxon",NA,"Alexandria","US","1601","22301","VA","Mount Vernon Avenue",NA,"fuel",NA,NA,NA,NA,NA,"Exxon",NA,"Q109675651",NA,NA,NA,"yes",NA,NA,NA,NA,NA,NA,NA,"no","yes",NA,NA,NA,NA,NA,NA,NA,NA,NA,NA,NA,"yes",NA,NA,NA,NA,NA,NA,NA,NA,NA,NA,NA,NA,"Mo-Su 06:00-22:00",NA,NA,"yes",NA,NA,NA,NA,"yes","yes",NA,NA,NA,"+1 703-549-0225","200319002",NA,NA,"yes",NA,NA,NA,"yes","yes","https://www.exxon.com/en/find-station/exxon-alexandria-va-delrayservicestation-200319002",NA,NA,"-77.057313","38.8208371"
"1843474695","Shell",NA,"Alexandria",NA,"1600","22301","VA","Mount Vernon Avenue",NA,"fuel","compressed_air","restroom",NA,NA,NA,"Shell",NA,"Q110716465",NA,NA,NA,NA,NA,NA,NA,NA,NA,NA,NA,NA,NA,NA,"yes",NA,NA,NA,NA,NA,NA,NA,NA,NA,NA,NA,NA,NA,NA,NA,NA,NA,NA,NA,NA,NA,NA,NA,NA,NA,NA,NA,NA,NA,NA,NA,NA,NA,NA,NA,"+1 703-836-3135",NA,NA,NA,NA,NA,NA,NA,NA,NA,"https://find.shell.com/us/fuel/10000568-1600-mount-vernon-ave/en_US",NA,NA,"-77.0579434","38.820835"
"1888308878","Briar Oaks Exxon",NA,"Fairfax",NA,"12306","22033","VA","Route 50",NA,"fuel",NA,NA,NA,"yes",NA,"Exxon",NA,"Q109675651",NA,"yes",NA,"yes",NA,NA,NA,NA,NA,NA,NA,NA,"yes",NA,NA,NA,NA,NA,NA,NA,NA,NA,NA,NA,"yes",NA,NA,NA,NA,NA,NA,NA,NA,NA,NA,NA,NA,"24/7",NA,NA,"yes",NA,NA,NA,NA,NA,"yes",NA,NA,NA,"+1 703-385-1222","200309452",NA,NA,"yes",NA,NA,NA,NA,NA,"https://www.exxon.com/en/find-station/exxon-fairfax-va-briaroaksexxon-200309452",NA,NA,"-77.3715632","38.8714354"
"1909817709","Shell",NA,"Falls Church",NA,"3051",NA,"VA","Gallows Road",NA,"fuel",NA,NA,NA,NA,NA,"Shell",NA,"Q110716465",NA,NA,NA,NA,NA,NA,NA,NA,NA,NA,NA,NA,NA,NA,NA,NA,NA,NA,NA,NA,NA,NA,NA,NA,NA,NA,NA,NA,NA,NA,NA,NA,NA,NA,NA,NA,NA,NA,NA,NA,NA,NA,NA,NA,NA,NA,NA,NA,NA,NA,NA,NA,NA,NA,NA,NA,NA,NA,NA,NA,NA,NA,NA,"-77.2272612","38.8671152"
"1910780941","Sunoco",NA,"Falls Church",NA,"3070","22042","VA","Gate House Plaza",NA,"fuel",NA,NA,NA,NA,NA,"Sunoco",NA,"Q1423218",NA,NA,NA,NA,NA,NA,NA,NA,NA,NA,NA,"yes",NA,NA,NA,NA,NA,NA,NA,NA,NA,NA,NA,NA,NA,NA,NA,NA,NA,NA,NA,NA,NA,NA,NA,NA,NA,"Fr 00:00-23:59",NA,NA,NA,NA,NA,NA,NA,NA,NA,NA,NA,NA,"+1 703-876-9055","0311437803",NA,NA,"yes",NA,NA,NA,NA,NA,NA,NA,NA,"-77.2283104","38.8671751"
"1979947904","Exxon",NA,"Mclean",NA,"6720","22101-3806","VA","Old Dominion Drive",NA,"fuel",NA,NA,NA,"yes",NA,"Exxon",NA,"Q109675651",NA,"yes",NA,"yes",NA,NA,NA,NA,NA,NA,NA,NA,"yes",NA,NA,NA,NA,NA,NA,NA,NA,NA,NA,NA,"yes",NA,NA,NA,NA,NA,NA,NA,NA,NA,NA,NA,NA,"24/7",NA,NA,"yes",NA,NA,NA,NA,NA,"yes",NA,NA,NA,"+1 703-356-1133","200314087",NA,NA,"yes",NA,NA,NA,"yes",NA,"https://www.exxon.com/en/find-station/exxon-mclean-va-mcleanexxon-200314087",NA,NA,"-77.1767299","38.9341148"
"2012977498","Sunoco",NA,"Alexandria","US","3500","22302","VA","King Street",NA,"fuel",NA,NA,NA,NA,NA,"Sunoco",NA,"Q1423218",NA,NA,NA,NA,NA,NA,NA,NA,NA,NA,NA,NA,NA,NA,NA,NA,NA,NA,NA,NA,NA,NA,NA,NA,NA,NA,NA,NA,NA,NA,NA,NA,NA,NA,"Store #0012695300",NA,NA,NA,NA,NA,NA,NA,NA,NA,NA,NA,NA,NA,NA,NA,NA,NA,NA,NA,NA,NA,NA,NA,NA,NA,NA,NA,NA,"-77.0887133","38.8272413"
"2012978146","Shell",NA,"Alexandria","US","3401","22302","VA","King Street",NA,"fuel",NA,NA,NA,NA,NA,"Shell",NA,"Q110716465",NA,NA,NA,"yes",NA,NA,NA,NA,NA,NA,NA,"yes",NA,NA,"yes",NA,NA,NA,NA,NA,NA,NA,NA,NA,NA,NA,NA,NA,NA,NA,NA,NA,NA,NA,NA,NA,NA,"24/7",NA,NA,NA,NA,"yes",NA,NA,NA,NA,NA,NA,NA,"+1 703-933-0950",NA,NA,NA,NA,NA,NA,NA,NA,NA,"https://find.shell.com/us/fuel/10000565-3401-king-street/en_US",NA,NA,"-77.0866993","38.8266083"
"2027245635","Hollin Hall Automotive",NA,"Alexandria",NA,"7926","22308","VA","Fort Hunt Road",NA,"fuel",NA,NA,NA,NA,NA,"Shell","https://find.shell.com/us/fuel/10040470-7926-fort-hunt-rd/en_US","Q110716465",NA,"no",NA,"yes",NA,NA,NA,NA,NA,NA,NA,NA,NA,NA,"yes",NA,NA,NA,NA,NA,NA,NA,NA,NA,NA,NA,NA,NA,NA,NA,NA,NA,NA,NA,NA,NA,NA,"Mo-Su 06:00-21:00","Hollin Hall Automotive",NA,NA,NA,NA,NA,NA,NA,NA,NA,NA,NA,"+1 703-765-3722",NA,NA,NA,NA,NA,NA,"bing",NA,NA,NA,NA,NA,"-77.0565042","38.7425529"
"2067521783","Bj's",NA,"Fairfax",NA,"13053","22033","VA","Fair Lakes Shopping Center",NA,"fuel",NA,NA,NA,NA,NA,"BJ's Wholesale Club",NA,"Q4835754",NA,NA,NA,NA,NA,NA,NA,NA,NA,NA,NA,NA,NA,NA,NA,NA,NA,NA,NA,NA,NA,NA,NA,NA,NA,NA,NA,NA,NA,NA,NA,NA,NA,NA,NA,NA,NA,NA,NA,NA,NA,NA,NA,NA,NA,NA,NA,NA,NA,NA,NA,NA,NA,NA,NA,NA,NA,"Bing",NA,NA,NA,NA,NA,"-77.3957167","38.8557624"
"2128168322","Exxon",NA,"Vienna",NA,"8021","22182","VA","Leesburg Pike",NA,"fuel",NA,NA,NA,"yes",NA,"Exxon",NA,"Q109675651",NA,NA,NA,"yes",NA,NA,NA,NA,NA,NA,NA,NA,"yes",NA,NA,NA,NA,NA,NA,NA,NA,NA,NA,NA,NA,NA,NA,NA,NA,NA,NA,NA,NA,NA,NA,NA,NA,"24/7",NA,NA,"yes",NA,NA,NA,NA,NA,"yes",NA,NA,NA,"+1 703-893-0111","200311924",NA,NA,"yes",NA,NA,NA,"yes",NA,"https://www.exxon.com/en/find-station/exxon-vienna-va-tysonsinternationalexxon-200311924",NA,NA,"-77.2221772","38.912403"
"2203931162","7-Eleven",NA,"Chantilly",NA,"14533","20151","VA","Lee Road",NA,"fuel",NA,NA,NA,NA,NA,"7-Eleven",NA,"Q259340",NA,NA,NA,NA,NA,NA,NA,NA,"Attached to 7-11",NA,NA,NA,NA,NA,NA,NA,NA,NA,NA,NA,NA,NA,NA,NA,NA,NA,NA,NA,NA,NA,NA,NA,NA,NA,NA,NA,NA,NA,NA,NA,NA,NA,NA,NA,NA,NA,NA,NA,NA,NA,"+1 703-378-1350",NA,NA,NA,NA,NA,NA,"Observation",NA,NA,"https://www.7-eleven.com/locations/va/chantilly/14533-lee-rd-33599",NA,NA,"-77.448355","38.893924"
"2207534046","Liberty",NA,"Arlington",NA,NA,NA,"VA","Wilson Boulevard",NA,"fuel",NA,NA,NA,NA,NA,"Liberty",NA,"Q96781174",NA,NA,NA,NA,NA,NA,NA,NA,NA,NA,NA,NA,NA,NA,NA,NA,NA,NA,NA,NA,NA,NA,NA,NA,NA,NA,NA,NA,NA,NA,NA,NA,NA,NA,NA,NA,NA,NA,NA,NA,NA,NA,NA,NA,NA,NA,NA,NA,NA,NA,NA,NA,NA,NA,NA,NA,NA,NA,NA,NA,NA,NA,NA,"-77.1241558","38.8776157"
"2213566376","Exxon",NA,"Arlington","US","4154","22206","VA","South Four Mile Run Drive",NA,"fuel",NA,NA,NA,NA,NA,"Exxon",NA,"Q109675651",NA,NA,NA,"yes",NA,NA,NA,NA,NA,NA,NA,"yes","yes",NA,"yes",NA,NA,NA,"yes",NA,NA,NA,NA,NA,"yes",NA,"yes",NA,NA,NA,NA,NA,NA,NA,NA,NA,NA,"24/7",NA,NA,"yes",NA,NA,NA,NA,NA,"yes",NA,NA,NA,"+1 703-845-7600","200312174",NA,NA,"yes",NA,NA,NA,"yes","yes","https://www.exxon.com/en/find-station/mobil-arlington-va-mobilmarketplace-200312174",NA,NA,"-77.0989707","38.8487663"
"2222811134","Richmond Hwy Citgo",NA,"Alexandria",NA,"6241","22306","VA","Richmond Highway",NA,"fuel","compressed_air","vacuum_cleaner",NA,NA,NA,"Citgo",NA,"Q2974437",NA,NA,NA,NA,NA,NA,NA,NA,NA,NA,NA,"yes",NA,NA,NA,NA,NA,NA,NA,NA,NA,NA,NA,NA,NA,NA,NA,NA,NA,NA,NA,NA,NA,NA,NA,NA,NA,NA,NA,NA,NA,NA,NA,NA,NA,NA,NA,NA,NA,NA,"+1 301-792-2855",NA,NA,NA,"yes",NA,NA,NA,NA,NA,"https://gas-stations.citgo.com/VA/ALEXANDRIA/22303/6241-RICHMOND-HWY",NA,NA,"-77.0776562","38.781692"
"2222959215","Shell",NA,"Centreville",NA,"5501","20121","VA","Union Mill Road",NA,"fuel","restroom",NA,NA,NA,NA,"Shell",NA,"Q110716465",NA,"yes",NA,"yes",NA,NA,NA,NA,NA,NA,NA,NA,NA,NA,"yes",NA,NA,NA,NA,NA,NA,NA,NA,NA,NA,NA,NA,NA,NA,NA,NA,NA,NA,NA,NA,NA,NA,NA,NA,NA,NA,NA,NA,NA,NA,NA,NA,NA,NA,NA,"+1 703-266-7737",NA,NA,NA,NA,NA,NA,NA,NA,NA,"https://find.shell.com/us/fuel/10010170-5501-union-mill-rd/en_US",NA,NA,"-77.4108386","38.83909"
"2261010664","Alexandria Exxon",NA,"Alexandria","US","501","22314","VA","South Washington Street",NA,"fuel",NA,NA,NA,NA,NA,"Exxon",NA,"Q109675651",NA,NA,NA,NA,NA,NA,NA,NA,NA,NA,NA,NA,"yes",NA,NA,NA,NA,NA,NA,NA,NA,NA,NA,NA,NA,NA,NA,NA,NA,NA,NA,NA,NA,NA,NA,NA,NA,"Mo-Su 06:00-23:00",NA,NA,"yes",NA,NA,NA,NA,NA,"yes",NA,NA,NA,"+1 703-549-6631","200309409",NA,NA,"yes",NA,NA,NA,NA,NA,"https://www.exxon.com/en/find-station/exxon-alexandria-va-alexandriaexxon-200309409",NA,NA,"-77.0483099","38.8002923"
"2266535284","Shell",NA,"Manassas Park",NA,"8501","20111","VA","Centreville Road",NA,"fuel",NA,NA,NA,NA,NA,"Shell",NA,"Q110716465",NA,NA,NA,NA,NA,NA,NA,NA,NA,NA,NA,NA,NA,NA,NA,NA,NA,NA,NA,NA,NA,NA,NA,NA,NA,NA,NA,NA,NA,NA,NA,NA,NA,NA,NA,NA,NA,NA,NA,NA,NA,NA,NA,NA,NA,NA,NA,NA,NA,NA,NA,NA,NA,NA,NA,NA,NA,NA,NA,NA,NA,NA,NA,"-77.452277","38.7713183"
"2266535317","Sheetz",NA,"Manassas Park",NA,"8504","20111","VA","Centreville Road",NA,"fuel",NA,NA,NA,"yes",NA,"Sheetz",NA,"Q7492551",NA,NA,NA,NA,NA,NA,NA,NA,NA,NA,NA,"yes",NA,NA,NA,NA,NA,NA,NA,NA,NA,NA,NA,NA,NA,"yes",NA,NA,NA,NA,"wlan",NA,NA,NA,NA,NA,NA,"24/7","Sheetz",NA,NA,NA,NA,NA,NA,NA,NA,NA,NA,NA,"+1 (703) 335-7407","270",NA,NA,NA,NA,NA,NA,NA,NA,NA,NA,NA,"-77.4535913","38.7702936"
"2269021762","Shell",NA,"Alexandria",NA,"2922","22314","VA","Duke Street",NA,"fuel",NA,NA,NA,"yes",NA,"Shell",NA,"Q110716465",NA,NA,NA,"yes",NA,NA,NA,NA,NA,NA,NA,"yes",NA,NA,"yes",NA,NA,NA,NA,NA,NA,NA,NA,NA,NA,NA,NA,NA,NA,NA,NA,NA,NA,NA,NA,NA,NA,"24/7",NA,NA,NA,NA,NA,NA,NA,NA,NA,NA,NA,NA,"+1 703-829-0707",NA,NA,"yes",NA,NA,NA,NA,NA,NA,"https://find.shell.com/us/fuel/10010162-2922-duke-st/en_US",NA,NA,"-77.0805777","38.807065"
"2269053592","Exxon",NA,"Alexandria","US","4109","22304","VA","Duke Street",NA,"fuel",NA,NA,NA,NA,NA,"Mobil",NA,"Q109675651",NA,"yes",NA,"yes",NA,NA,NA,NA,NA,NA,NA,NA,"yes",NA,NA,NA,NA,NA,NA,NA,NA,NA,NA,NA,NA,NA,NA,NA,NA,NA,NA,NA,NA,NA,NA,NA,NA,"24/7",NA,NA,"yes",NA,NA,NA,NA,NA,"yes",NA,NA,NA,"+1 703-370-4933","200309507",NA,NA,"yes",NA,NA,NA,NA,NA,"https://www.exxon.com/en/find-station/mobil-alexandria-va-alexandriadukemobil-200309507",NA,NA,"-77.1016696","38.8113123"
"2286897807","BP",NA,"Springfield",NA,"6703","22150","VA","Backlick Road",NA,"fuel",NA,NA,NA,NA,NA,"BP",NA,"Q152057",NA,NA,NA,NA,NA,NA,NA,NA,NA,NA,NA,"yes",NA,NA,NA,NA,NA,NA,NA,NA,NA,NA,NA,NA,NA,NA,NA,NA,NA,NA,NA,NA,NA,NA,NA,NA,NA,"24/7",NA,NA,NA,NA,NA,NA,NA,NA,NA,NA,NA,NA,"+1 703 569-2264",NA,NA,"yes",NA,NA,NA,NA,NA,NA,NA,NA,NA,"-77.183649","38.7722734"
"2295421972","Sunoco",NA,"Springfield",NA,"6400","22150","VA","Backlick Road",NA,"fuel",NA,NA,NA,NA,NA,"Sunoco",NA,"Q1423218","yes",NA,NA,NA,NA,NA,NA,NA,NA,NA,NA,"yes",NA,NA,NA,NA,NA,NA,NA,NA,NA,NA,NA,NA,NA,NA,NA,NA,NA,NA,NA,NA,NA,NA,NA,NA,NA,"Fr 06:00-23:59",NA,NA,NA,NA,NA,NA,NA,NA,NA,NA,NA,NA,NA,"0057280001",NA,NA,NA,NA,NA,NA,NA,NA,NA,NA,NA,"-77.185439","38.7805559"
"2297822709","Exxon",NA,"Alexandria","US","4550","22304","VA","Kenmore Avenue",NA,"fuel",NA,NA,NA,NA,NA,"Exxon",NA,"Q109675651","yes",NA,NA,"yes",NA,NA,NA,NA,NA,NA,NA,NA,"yes",NA,NA,NA,NA,NA,NA,NA,NA,NA,NA,NA,NA,NA,NA,NA,NA,NA,NA,NA,NA,NA,NA,NA,NA,"Mo-Su 06:00-00:00",NA,NA,"yes",NA,NA,NA,NA,NA,"yes",NA,NA,NA,"+1 703-212-9202","200315203",NA,NA,"yes",NA,NA,NA,NA,NA,"https://www.exxon.com/en/find-station/exxon-alexandria-va-seminaryplazaexxon-200315203",NA,NA,"-77.1093181","38.830148"
"2305892838","Barber's Auto Service",NA,"Alexandria",NA,"4368","22302","VA","King Street",NA,"fuel","vacuum_cleaner",NA,NA,NA,NA,"Liberty",NA,"Q96781174","yes",NA,NA,NA,NA,NA,NA,NA,NA,NA,NA,NA,NA,NA,"yes","yes",NA,NA,NA,NA,NA,NA,NA,NA,NA,NA,NA,NA,NA,NA,NA,NA,NA,NA,NA,NA,NA,NA,NA,NA,NA,NA,NA,NA,NA,NA,NA,NA,NA,"yes",NA,NA,NA,NA,"yes",NA,"car_repair",NA,NA,NA,NA,NA,NA,"-77.1038372","38.8376049"
"2307165051","BP",NA,"Manassas","US","7111","20109","VA","Sudley Road",NA,"fuel",NA,NA,NA,NA,NA,"BP",NA,"Q152057",NA,NA,NA,NA,NA,NA,NA,NA,NA,NA,NA,"yes",NA,NA,NA,NA,NA,NA,NA,NA,NA,NA,NA,NA,NA,NA,NA,NA,NA,NA,NA,NA,NA,NA,NA,NA,NA,"24/7",NA,NA,NA,NA,NA,NA,NA,NA,NA,NA,NA,NA,"+1 703-368-1216",NA,NA,NA,NA,NA,"convenience",NA,"yes",NA,NA,NA,NA,"-77.5182449","38.7990281"
"2327552041","Exxon",NA,"Falls Church",NA,"7230","22042","VA","Arlington Boulevard",NA,"fuel",NA,NA,NA,"yes",NA,"Exxon",NA,"Q109675651","yes",NA,NA,"yes",NA,NA,NA,NA,NA,NA,NA,NA,"yes",NA,NA,NA,NA,NA,NA,NA,NA,NA,NA,NA,NA,NA,NA,NA,NA,NA,NA,NA,NA,NA,NA,NA,NA,"Mo-Su 06:00-00:00",NA,NA,"yes",NA,NA,NA,NA,NA,"yes",NA,NA,NA,"+1 703-573-4550","200309560",NA,NA,"yes",NA,NA,NA,NA,NA,"https://www.exxon.com/en/find-station/exxon-fallschurch-va-grahamroadexxon-200309560",NA,NA,"-77.1945705","38.8667817"
"2366744359","BP",NA,"Vienna",NA,"8217","22182","VA","Leesburg Pike",NA,"fuel",NA,NA,NA,NA,NA,"BP",NA,"Q152057",NA,NA,NA,NA,NA,NA,NA,NA,NA,NA,NA,"yes",NA,NA,NA,NA,NA,NA,NA,NA,NA,NA,NA,NA,NA,NA,NA,NA,NA,NA,NA,NA,NA,NA,NA,NA,NA,"Mo-Sa 06:00-23:00; Su 06:00-21:00",NA,NA,NA,NA,NA,NA,NA,NA,NA,NA,NA,NA,"+1 703-448-3550",NA,NA,NA,NA,NA,"convenience",NA,"yes",NA,NA,NA,NA,"-77.2290276","38.9165499"
"2372837091","Alexandria Belle View Exxon",NA,"Alexandria",NA,"1800","22307","VA","Belle View Boulevard",NA,"fuel",NA,NA,NA,"yes",NA,"Exxon","https://www.exxon.com/en/find-station/alexandria-va-alexandriabelleviewexxon-200309506","Q109675651","yes",NA,NA,"yes",NA,NA,NA,NA,NA,NA,NA,NA,"yes",NA,"yes",NA,NA,NA,NA,NA,NA,NA,NA,NA,"yes",NA,"yes",NA,NA,NA,NA,NA,NA,NA,NA,NA,NA,"24/7",NA,NA,"yes",NA,NA,NA,NA,NA,"yes",NA,NA,NA,"+1 703-765-2500","200309506",NA,"yes","yes",NA,NA,NA,"yes","yes","https://www.exxon.com/en/find-station/exxon-alexandria-va-alexandriabelleviewexxon-200309506",NA,NA,"-77.0622137","38.7752716"
"2374488493","Shell",NA,"Alexandria",NA,"2600","22306","VA","Sherwood Hall Lane",NA,"fuel","restroom",NA,NA,NA,NA,"Shell","https://find.shell.com/us/fuel/10002486-2600-sherwood-hall-ln/en_US","Q110716465","yes",NA,NA,"yes",NA,NA,NA,NA,NA,NA,NA,NA,NA,NA,"yes",NA,NA,NA,NA,NA,NA,NA,NA,NA,NA,NA,NA,NA,NA,NA,NA,NA,NA,NA,NA,NA,NA,NA,NA,NA,NA,NA,"yes",NA,NA,NA,NA,NA,NA,NA,"+1 703-768-3470",NA,NA,NA,NA,NA,NA,NA,NA,NA,NA,NA,NA,"-77.0764648","38.743657"
"2376379201","Sunoco",NA,"Reston",NA,"11714","20190","VA","Sunset Hills Road",NA,"fuel",NA,NA,NA,NA,NA,"Sunoco",NA,"Q1423218",NA,NA,NA,NA,NA,NA,NA,NA,NA,NA,NA,NA,NA,NA,NA,NA,NA,NA,NA,NA,NA,NA,NA,NA,NA,NA,NA,NA,NA,NA,NA,NA,NA,NA,NA,NA,NA,NA,NA,NA,NA,NA,NA,NA,NA,NA,NA,NA,NA,NA,NA,NA,NA,NA,NA,NA,NA,NA,NA,NA,NA,NA,NA,"-77.3522285","38.9554255"
"2398802406","Exxon",NA,"Falls Church",NA,"6162","22044","VA","Arlington Boulevard",NA,"fuel",NA,NA,NA,NA,NA,"Exxon",NA,"Q109675651",NA,NA,NA,"yes",NA,NA,NA,NA,NA,NA,NA,NA,"yes",NA,NA,NA,NA,NA,NA,NA,NA,NA,NA,NA,NA,NA,NA,NA,NA,NA,NA,NA,NA,NA,NA,NA,NA,"24/7",NA,NA,"yes",NA,NA,NA,NA,NA,"yes",NA,NA,NA,"+1 703-534-7300","200316797",NA,NA,"yes",NA,NA,NA,NA,NA,"https://www.exxon.com/en/find-station/exxon-fallschurch-va-willstonexxon-200316797",NA,NA,"-77.1461763","38.8688354"
"2404261635","Safeway Fuel Station",NA,"fairfax",NA,"3043","22031","VA","Nutley Street",NA,"fuel",NA,NA,NA,NA,NA,"Safeway",NA,"Q1508234",NA,NA,NA,NA,NA,NA,NA,NA,NA,NA,NA,NA,NA,NA,NA,NA,NA,NA,NA,NA,NA,NA,NA,NA,NA,NA,NA,NA,NA,NA,NA,NA,NA,NA,NA,NA,NA,NA,"Safeway",NA,NA,NA,NA,NA,NA,NA,NA,NA,NA,NA,NA,NA,NA,NA,NA,NA,NA,NA,NA,NA,"https://local.fuel.safeway.com/safeway/va/fairfax/3043-nutley-st.html",NA,NA,"-77.2625726","38.8709946"
"2404299729","Chevron",NA,"Fairfax",NA,"9130",NA,"VA","Route 29",NA,"fuel",NA,NA,NA,NA,NA,"Chevron",NA,"Q319642",NA,NA,NA,NA,NA,NA,NA,NA,NA,NA,NA,NA,NA,NA,NA,NA,NA,NA,NA,NA,NA,NA,NA,NA,NA,NA,NA,NA,NA,NA,NA,NA,NA,NA,NA,NA,NA,NA,"Chevron",NA,NA,NA,NA,NA,NA,NA,NA,NA,NA,NA,NA,NA,NA,NA,NA,NA,NA,NA,NA,NA,NA,NA,NA,"-77.2616511","38.8727046"
"2404320154","Merrifield Shell",NA,"Merrifield",NA,"8413","22031","VA","Route 29",NA,"fuel",NA,NA,NA,NA,NA,"Shell",NA,"Q110716465",NA,NA,NA,NA,NA,NA,NA,NA,NA,NA,NA,NA,NA,NA,NA,NA,NA,NA,NA,NA,NA,NA,NA,NA,NA,NA,NA,NA,NA,NA,NA,NA,NA,NA,NA,NA,NA,NA,NA,NA,NA,NA,NA,NA,NA,NA,NA,NA,NA,NA,NA,NA,NA,NA,NA,NA,NA,NA,NA,NA,NA,NA,NA,"-77.2353896","38.8734376"
"2404320193","Exxon",NA,"Fairfax",NA,"8715","22031","VA","Route 29",NA,"fuel",NA,NA,NA,"yes",NA,"Exxon",NA,"Q109675651",NA,NA,NA,"yes",NA,NA,NA,NA,NA,NA,NA,NA,"yes",NA,NA,NA,NA,NA,NA,NA,NA,NA,NA,NA,"yes",NA,NA,NA,NA,NA,NA,NA,NA,NA,NA,NA,NA,"Mo-Su 06:00-23:00","Exxon",NA,"yes",NA,NA,NA,NA,NA,"yes",NA,NA,NA,"+1 703-560-7111","200311095",NA,NA,"yes",NA,NA,NA,"yes",NA,"https://www.exxon.com/en/find-station/exxon-fairfax-va-cedarlaneexxon-200311095",NA,NA,"-77.2464645","38.8726294"
"2405675554","Shell",NA,"Springfield",NA,"5533","22151","VA","Backlick Road",NA,"fuel",NA,NA,NA,NA,NA,"Shell",NA,"Q110716465",NA,NA,NA,NA,NA,NA,NA,NA,NA,NA,NA,NA,NA,NA,NA,NA,NA,NA,NA,NA,NA,NA,NA,NA,NA,NA,NA,NA,NA,NA,NA,NA,NA,NA,NA,NA,NA,NA,NA,NA,NA,NA,NA,NA,NA,NA,NA,NA,NA,NA,NA,NA,NA,NA,NA,NA,NA,NA,NA,NA,NA,NA,NA,"-77.1848193","38.8000612"
"2406620435","Liberty",NA,"Alexandria",NA,"7501","22306","VA","Richmond Highway",NA,"fuel","atm","compressed_air","vacuum_cleaner",NA,NA,"Liberty",NA,"Q96781174",NA,NA,NA,NA,NA,NA,NA,NA,NA,NA,NA,"yes",NA,NA,"yes","yes","yes","yes",NA,"yes","yes",NA,"yes",NA,NA,NA,NA,NA,NA,NA,NA,NA,NA,NA,NA,NA,NA,NA,NA,"yes",NA,NA,NA,NA,"yes",NA,NA,"yes",NA,"yes","+1 703-768-6333",NA,NA,NA,"yes",NA,"car_repair",NA,NA,NA,NA,NA,NA,"-77.0829721","38.7542272"
"2407430263","Shell",NA,"Alexandria",NA,"8851","22309","VA","Richmond Highway",NA,"fuel",NA,NA,NA,NA,NA,"Shell","https://find.shell.com/us/fuel/10000612-8851-richmond-hwy/en_US","Q110716465",NA,NA,NA,NA,NA,NA,NA,NA,NA,NA,NA,NA,NA,NA,"yes",NA,NA,NA,NA,NA,NA,NA,NA,NA,NA,NA,NA,NA,NA,NA,NA,NA,NA,NA,NA,NA,NA,NA,NA,NA,NA,NA,NA,NA,NA,NA,NA,NA,NA,NA,"+1 703-780-3283",NA,NA,NA,NA,NA,NA,NA,NA,NA,NA,NA,NA,"-77.1312525","38.7172902"
"2407430275","Woodlawn Station Tiger Mart",NA,"Alexandria",NA,"8861","22309","VA","Richmond Highway",NA,"fuel",NA,NA,NA,"yes",NA,"Exxon",NA,"Q109675651",NA,NA,NA,"yes",NA,NA,NA,NA,NA,NA,NA,"no","yes",NA,"yes",NA,NA,NA,NA,NA,NA,NA,NA,NA,"yes",NA,NA,NA,NA,NA,NA,NA,NA,NA,NA,NA,NA,"Mo-Su 06:00-23:00",NA,NA,"yes",NA,NA,NA,NA,NA,"yes",NA,NA,NA,"+1 703-799-0673","200317979",NA,NA,"yes",NA,NA,NA,NA,"yes","https://www.exxon.com/en/find-station/exxon-alexandria-va-woodlawnstationtigermart-200317979",NA,NA,"-77.1321276","38.7168425"
"2407446876","Speedway",NA,"Alexandria",NA,"5710","22303","VA","Telegraph Road",NA,"fuel",NA,NA,NA,NA,NA,"Speedway",NA,"Q7575683",NA,NA,NA,"yes",NA,NA,NA,NA,NA,NA,NA,NA,NA,NA,NA,NA,NA,NA,NA,NA,NA,NA,NA,NA,NA,NA,NA,NA,NA,NA,NA,NA,NA,NA,NA,NA,NA,NA,NA,NA,NA,NA,NA,NA,NA,NA,NA,NA,NA,NA,NA,"2868",NA,NA,NA,NA,NA,NA,NA,NA,"https://www.speedway.com/locations/VA/Alexandria/5710-TELEGRAPH-RD",NA,NA,"-77.081983","38.7963156"
"2414191693","shell",NA,"Burke",NA,"9413","22015","VA","Burke Road",NA,"fuel",NA,NA,NA,NA,NA,"Shell",NA,"Q110716465",NA,NA,NA,NA,NA,NA,NA,NA,NA,NA,NA,NA,NA,NA,NA,NA,NA,NA,NA,NA,NA,NA,NA,NA,NA,NA,NA,NA,NA,NA,NA,NA,NA,NA,NA,NA,NA,NA,NA,NA,NA,NA,NA,NA,NA,NA,NA,NA,NA,NA,NA,NA,NA,NA,NA,NA,NA,NA,NA,NA,NA,NA,NA,"-77.271201","38.7928767"
"2419413816","Davis Store",NA,"Fairfax Station",NA,"7600","22039","VA","Clifton Road",NA,"fuel",NA,NA,NA,NA,NA,"Shell",NA,"Q110716465",NA,NA,NA,NA,NA,NA,NA,NA,NA,NA,NA,"yes",NA,NA,NA,NA,NA,NA,NA,"yes",NA,NA,NA,NA,NA,NA,NA,NA,NA,NA,NA,NA,NA,NA,NA,NA,NA,NA,NA,NA,NA,NA,NA,NA,NA,NA,NA,NA,NA,NA,NA,NA,NA,NA,"yes",NA,NA,NA,NA,NA,NA,NA,NA,"-77.3398061","38.75869"
"2441674127","Exxon",NA,"Alexandria","US","4001","22305","VA","Mount Vernon Avenue",NA,"fuel",NA,NA,NA,NA,NA,"Exxon",NA,"Q109675651","yes",NA,NA,"yes",NA,NA,NA,NA,NA,NA,NA,"no","yes",NA,"yes",NA,NA,NA,NA,NA,NA,NA,NA,NA,NA,NA,NA,NA,NA,NA,NA,NA,NA,NA,"NO DIESEL",NA,NA,"Mo 00:00-24:00; Tu-Su 05:00-00:00",NA,NA,"yes",NA,NA,NA,NA,NA,"yes",NA,NA,NA,"+1 703-549-5844","200309623",NA,NA,"yes",NA,NA,"survey;corporate website",NA,"yes","https://www.exxon.com/en/find-station/exxon-alexandria-va-arlandriaexxon-200309623",NA,NA,"-77.0634339","38.8423775"
"2441931733","Exxon",NA,"Arlington","US","2720","22206","VA","South Glebe Road",NA,"fuel",NA,NA,NA,NA,NA,"Exxon",NA,"Q109675651",NA,NA,NA,"yes",NA,NA,NA,NA,NA,NA,NA,"no","yes",NA,"yes",NA,NA,NA,NA,NA,NA,NA,NA,NA,"yes",NA,NA,NA,NA,NA,NA,NA,NA,NA,NA,NA,NA,"Mo-Su 06:00-00:00",NA,NA,"yes",NA,NA,NA,NA,NA,"yes",NA,NA,NA,"+1 703-566-8363","200318072",NA,NA,"yes",NA,NA,NA,NA,"yes","https://www.exxon.com/en/find-station/exxon-arlington-va-arnavalleyexxon-200318072",NA,NA,"-77.0779755","38.8442075"
"2447742856","Liberty",NA,"Falls Church",NA,"5930","22041","VA","Leesburg Pike",NA,"fuel",NA,NA,NA,NA,NA,"Liberty",NA,"Q96781174",NA,NA,NA,NA,NA,NA,NA,NA,NA,NA,NA,NA,"yes",NA,NA,"yes","yes","yes",NA,"yes","yes",NA,"yes",NA,NA,NA,NA,NA,NA,NA,NA,NA,NA,NA,NA,NA,NA,"Mo-Fr 08:30-18:00; Sa 08:30-15:00",NA,"yes",NA,NA,NA,NA,"yes",NA,NA,"yes","yes","yes",NA,NA,NA,NA,NA,NA,"car_repair",NA,NA,NA,NA,NA,NA,"-77.137368","38.8551181"
"2447752780","Shell",NA,"Falls Church",NA,"5600","22041","VA","Leesburg Pike",NA,"fuel","restroom",NA,NA,"yes",NA,"Shell",NA,"Q110716465",NA,NA,NA,"yes",NA,NA,NA,NA,NA,NA,NA,"yes",NA,NA,"yes",NA,NA,NA,NA,NA,NA,NA,NA,NA,NA,NA,NA,NA,NA,NA,NA,NA,NA,NA,NA,NA,NA,"Mo-Su 07:30-19:00",NA,NA,NA,NA,"yes",NA,NA,NA,NA,NA,NA,NA,"+1 703-820-9233",NA,NA,NA,NA,NA,NA,NA,NA,NA,"https://find.shell.com/us/fuel/10000591-5600-leesburg-pike/en_US",NA,NA,"-77.1245993","38.848588"
"2461214155","7-Eleven",NA,"Falls Church",NA,"2919",NA,"VA","Gallows Road",NA,"fuel",NA,NA,NA,NA,NA,"7-Eleven",NA,"Q259340","yes",NA,NA,NA,NA,NA,NA,NA,NA,NA,NA,NA,NA,NA,NA,NA,NA,NA,NA,NA,NA,NA,NA,NA,NA,NA,NA,NA,NA,NA,NA,NA,NA,NA,"Possibly needs updated.",NA,NA,NA,NA,NA,NA,NA,NA,NA,NA,NA,NA,NA,NA,NA,NA,NA,NA,NA,NA,NA,NA,NA,NA,NA,NA,NA,NA,"-77.2267957","38.8721987"
"2462429480","American Majestic",NA,"Falls Church",NA,"7399","22042","VA","Route 29",NA,"fuel",NA,NA,NA,NA,NA,"Sunoco",NA,"Q1423218","yes",NA,NA,NA,NA,NA,NA,NA,NA,NA,NA,NA,NA,NA,NA,NA,NA,NA,NA,NA,NA,NA,NA,NA,NA,NA,NA,NA,NA,NA,NA,NA,NA,NA,NA,NA,NA,"Mo-Sa 06:00-23:00; Su 07:00-22:00",NA,NA,NA,NA,NA,NA,NA,NA,NA,NA,NA,NA,"703-698-7799",NA,NA,NA,NA,NA,NA,NA,NA,NA,NA,NA,NA,"-77.1992106","38.8756359"
"2464901747","Exxon",NA,"Falls Church",NA,"6661","22042","VA","Arlington Boulevard",NA,"fuel",NA,NA,NA,"yes",NA,"Exxon",NA,"Q109675651","yes",NA,NA,"yes",NA,NA,NA,NA,NA,NA,NA,NA,"yes",NA,NA,NA,NA,NA,NA,"yes",NA,"yes",NA,NA,"yes",NA,NA,NA,NA,NA,NA,NA,NA,NA,NA,NA,NA,"24/7",NA,NA,"yes",NA,NA,NA,NA,NA,"yes",NA,NA,NA,"+1 703-237-4380","200311583",NA,NA,"yes",NA,NA,NA,NA,NA,"https://www.exxon.com/en/find-station/exxon-fallschurch-va-sleepyhollowexxon-200311583",NA,NA,"-77.1742621","38.869339"
"2464905207","Sunoco",NA,"Falls Church",NA,"7233","22042","VA","Arlington Boulevard",NA,"fuel",NA,NA,NA,"yes",NA,"Sunoco",NA,"Q1423218","yes",NA,NA,NA,NA,NA,NA,NA,NA,NA,NA,"yes",NA,NA,NA,NA,NA,NA,NA,NA,NA,NA,NA,NA,NA,NA,NA,"station",NA,NA,NA,NA,NA,NA,NA,NA,NA,"Tu 00:00-23:59; Fr 00:00-23:59",NA,NA,NA,NA,NA,NA,NA,NA,NA,NA,NA,NA,NA,"0392925403",NA,NA,NA,NA,NA,NA,NA,NA,NA,NA,NA,"-77.1952276","38.8658149"
"2467783690","Shell",NA,"Annandale",NA,"7413","22003","VA","Little River Turnpike",NA,"fuel",NA,NA,NA,NA,NA,"Shell",NA,"Q110716465","yes",NA,NA,NA,NA,NA,NA,NA,NA,NA,NA,NA,NA,NA,NA,NA,NA,NA,NA,NA,NA,NA,NA,NA,NA,NA,NA,NA,NA,NA,NA,NA,NA,NA,NA,NA,NA,NA,NA,NA,NA,NA,NA,NA,NA,NA,NA,NA,NA,NA,NA,NA,NA,NA,NA,NA,NA,NA,NA,NA,NA,NA,NA,"-77.2012815","38.8309782"
"2468343840","Citgo",NA,"Falls Church",NA,"1200","22046","VA","West Broad Street",NA,"fuel",NA,NA,NA,NA,NA,"Citgo",NA,"Q2974437","yes",NA,NA,NA,NA,NA,NA,NA,NA,NA,NA,NA,NA,NA,NA,NA,NA,NA,NA,NA,NA,NA,NA,NA,NA,NA,NA,NA,NA,NA,NA,NA,NA,NA,NA,NA,NA,NA,NA,NA,NA,NA,NA,NA,NA,NA,NA,NA,NA,NA,NA,NA,NA,NA,NA,NA,NA,NA,NA,NA,NA,NA,NA,"-77.1888202","38.8938827"
"2469618737","Safeway Fuel Station",NA,"Tysons Corner",NA,"1698","22102","VA","Anderson Road",NA,"fuel",NA,NA,NA,NA,NA,"Safeway",NA,"Q1508234","yes",NA,NA,"yes",NA,NA,NA,NA,NA,NA,NA,NA,NA,NA,NA,NA,NA,NA,NA,NA,NA,NA,NA,NA,NA,NA,NA,NA,NA,NA,NA,NA,NA,NA,NA,NA,NA,NA,"Safeway",NA,NA,NA,NA,NA,NA,NA,NA,NA,NA,NA,NA,NA,NA,NA,NA,NA,NA,NA,NA,NA,"https://local.fuel.safeway.com/safeway/va/mclean/1698-anderson-rd.html",NA,NA,"-77.2010181","38.9222196"
"2496901958","Shell",NA,"North Springfield",NA,"8011","22151","VA","Braddock Road",NA,"fuel",NA,NA,NA,NA,NA,"Shell",NA,"Q110716465","yes",NA,NA,NA,NA,NA,NA,NA,NA,NA,NA,NA,NA,NA,NA,NA,NA,NA,NA,NA,NA,NA,NA,NA,NA,NA,NA,NA,NA,NA,NA,NA,NA,NA,NA,NA,NA,"24/7",NA,NA,NA,NA,NA,NA,NA,NA,NA,NA,NA,NA,NA,NA,NA,NA,NA,NA,NA,NA,NA,NA,NA,NA,NA,"-77.2220204","38.8109199"
"2563426753","Exxon",NA,"Great Falls",NA,"9829","22066","VA","Georgetown Pike",NA,"fuel",NA,NA,NA,NA,NA,"Exxon",NA,"Q109675651",NA,NA,NA,"yes",NA,NA,NA,NA,NA,NA,NA,NA,"yes",NA,NA,NA,NA,NA,NA,NA,NA,NA,NA,NA,"yes",NA,NA,NA,NA,NA,NA,NA,NA,NA,NA,NA,NA,"Mo-Fr 06:00-23:00; Sa 06:00-22:00; Su 07:00-22:00","Great Falls Exxon",NA,"yes",NA,NA,NA,NA,NA,"yes",NA,NA,NA,"+1 703-759-3367","200319159",NA,NA,"yes",NA,NA,"Bing","yes",NA,"https://www.exxon.com/en/find-station/exxon-greatfalls-va-greatfalls-200319159",NA,NA,"-77.2879922","38.9976916"
"3044861032","Exxon",NA,"Ashburn",NA,"43740","20147","VA","Parkhurst Plaza",NA,"fuel",NA,NA,NA,"yes",NA,"Exxon",NA,"Q109675651",NA,"yes",NA,"yes",NA,NA,NA,NA,NA,NA,NA,NA,"yes",NA,NA,NA,NA,NA,NA,NA,NA,NA,NA,NA,"yes",NA,NA,NA,NA,NA,NA,NA,NA,NA,NA,NA,NA,"24/7",NA,NA,"yes",NA,NA,NA,NA,"yes","yes",NA,NA,NA,"+1 703-729-3411","200317568",NA,NA,"yes",NA,NA,NA,"yes",NA,"https://www.exxon.com/en/find-station/exxon-ashburn-va-aplus76-200317568",NA,NA,"-77.4883267","39.0292393"
"3266398236","Sunoco",NA,"McLean",NA,"1957","22102","VA","Chain Bridge Road",NA,"fuel",NA,NA,NA,NA,NA,"Sunoco",NA,"Q1423218",NA,NA,NA,NA,NA,NA,NA,NA,NA,NA,NA,NA,NA,NA,NA,NA,NA,NA,NA,NA,NA,NA,NA,NA,NA,NA,NA,NA,NA,NA,NA,NA,NA,NA,NA,NA,NA,NA,NA,NA,NA,NA,NA,NA,NA,NA,NA,NA,NA,NA,"+1 703-893-6777",NA,NA,NA,NA,NA,NA,NA,NA,NA,NA,NA,NA,"-77.2253702","38.9195488"
"3266398238","Gulf",NA,"McLean",NA,"1955","22102","VA","Chain Bridge Road",NA,"fuel",NA,NA,NA,NA,NA,"Gulf",NA,"Q5617505",NA,NA,NA,NA,NA,NA,NA,NA,NA,NA,NA,NA,NA,NA,NA,NA,NA,NA,NA,NA,NA,NA,NA,NA,NA,NA,NA,NA,NA,NA,NA,NA,NA,NA,NA,NA,NA,NA,NA,NA,NA,NA,NA,NA,NA,NA,NA,NA,NA,NA,"+1 703-893-9200",NA,NA,NA,NA,NA,NA,NA,NA,NA,NA,NA,NA,"-77.2247351","38.9196632"
"3266398239","Sunoco",NA,"McLean",NA,"8121","22102","VA","Old Dominion Drive",NA,"fuel",NA,NA,NA,NA,NA,"Sunoco",NA,"Q1423218",NA,NA,NA,NA,NA,NA,NA,NA,NA,NA,NA,NA,NA,NA,NA,NA,NA,NA,NA,NA,NA,NA,NA,NA,NA,NA,NA,NA,NA,NA,NA,NA,NA,NA,NA,NA,NA,NA,"Sunoco",NA,NA,NA,NA,NA,NA,NA,NA,NA,NA,NA,NA,NA,NA,NA,NA,NA,NA,NA,NA,NA,NA,NA,NA,"-77.2266768","38.9526802"
"3266398240","Exxon",NA,"McLean",NA,"8124","22102","VA","Old Dominion Drive",NA,"fuel",NA,NA,NA,NA,NA,"Exxon",NA,"Q109675651",NA,NA,NA,"yes",NA,NA,NA,NA,NA,NA,NA,NA,"yes",NA,NA,NA,NA,NA,NA,NA,NA,NA,NA,NA,NA,NA,NA,NA,NA,NA,NA,NA,NA,NA,NA,NA,NA,"Mo-Fr 06:00-22:00; Sa 06:00-21:00; Su 08:00-21:00","Exxon",NA,"yes",NA,NA,NA,NA,NA,"yes",NA,NA,NA,"+1 703-790-1114","200316323",NA,NA,"yes",NA,NA,NA,"yes",NA,"https://www.exxon.com/en/find-station/exxon-mclean-va-springhill-200316323",NA,NA,"-77.226491","38.9532073"
"3306868592","Sunoco",NA,"Fairfax Station",NA,"4647",NA,"VA","West Ox Road",NA,"fuel",NA,NA,NA,NA,NA,"Sunoco",NA,"Q1423218",NA,NA,NA,NA,NA,NA,NA,NA,NA,NA,NA,NA,NA,NA,NA,NA,NA,NA,NA,NA,NA,NA,NA,NA,NA,NA,NA,NA,NA,NA,NA,NA,NA,NA,NA,NA,NA,NA,NA,NA,NA,NA,NA,NA,NA,NA,NA,NA,NA,NA,NA,NA,NA,NA,NA,NA,NA,NA,NA,NA,NA,NA,NA,"-77.3722532","38.8515434"
"3343144347","BP",NA,"Woodbridge","US","12576","22192","VA","Grand Targee Drive",NA,"fuel",NA,NA,NA,"yes",NA,"BP",NA,"Q152057",NA,"yes",NA,NA,NA,NA,NA,NA,NA,NA,NA,NA,NA,NA,NA,NA,NA,NA,NA,NA,NA,NA,NA,NA,NA,NA,NA,NA,NA,NA,NA,NA,NA,NA,NA,NA,NA,"Mo-Su 05:00-23:00",NA,NA,NA,NA,NA,NA,NA,NA,NA,NA,NA,NA,"+1 703-730-7474",NA,NA,NA,NA,NA,"convenience",NA,"yes",NA,NA,NA,NA,"-77.3222865","38.6808671"
"3345056660","Mobil",NA,"Woodbridge",NA,"2495","22192","VA","Prince William Parkway",NA,"fuel",NA,NA,NA,NA,NA,"Mobil",NA,"Q109676002",NA,NA,NA,NA,NA,NA,NA,NA,NA,NA,NA,NA,NA,NA,NA,NA,NA,NA,NA,NA,NA,NA,NA,NA,NA,NA,NA,NA,NA,NA,NA,NA,NA,NA,NA,NA,NA,"24/7",NA,NA,NA,NA,NA,NA,NA,NA,NA,NA,NA,NA,"+1 703-494-6900",NA,NA,NA,NA,NA,NA,NA,NA,NA,NA,NA,NA,"-77.2872327","38.6524606"
"3409854723","Exxon",NA,"Arlington",NA,"5000","22203","VA","Wilson Boulevard",NA,"fuel",NA,NA,NA,NA,NA,"Exxon",NA,"Q109675651",NA,NA,NA,NA,NA,NA,NA,NA,NA,NA,NA,NA,NA,NA,NA,NA,NA,NA,NA,NA,NA,NA,NA,NA,NA,NA,NA,NA,NA,NA,NA,NA,NA,NA,NA,NA,NA,"24/7",NA,NA,NA,NA,NA,NA,NA,NA,NA,NA,NA,NA,NA,"200327601",NA,NA,NA,NA,NA,NA,NA,NA,"https://www.exxon.com/en/find-station/exxon-arlington-va-wilsongas-200327601",NA,NA,"-77.1218457","38.877828"
"3457156559","Main Street Shell",NA,"Fairfax",NA,"9956","22031","VA","Main Street",NA,"fuel",NA,NA,NA,NA,NA,"Shell",NA,"Q110716465",NA,NA,NA,NA,NA,NA,NA,NA,NA,NA,NA,NA,NA,NA,NA,NA,NA,NA,NA,NA,NA,NA,NA,NA,NA,NA,NA,NA,NA,NA,NA,NA,NA,NA,NA,NA,NA,NA,"Shell",NA,NA,NA,NA,NA,NA,NA,NA,NA,NA,NA,NA,NA,NA,NA,NA,NA,NA,NA,NA,NA,NA,NA,NA,"-77.2901983","38.8437796"
"3748142413","Exxon",NA,"Manassas",NA,"9879","20110","VA","Liberia Avenue",NA,"fuel",NA,NA,NA,NA,NA,"Exxon",NA,"Q109675651",NA,NA,NA,NA,NA,NA,NA,NA,NA,NA,NA,NA,NA,NA,NA,NA,NA,NA,NA,NA,NA,NA,NA,NA,NA,NA,NA,NA,NA,NA,NA,NA,NA,NA,NA,NA,NA,NA,NA,NA,NA,NA,NA,NA,NA,NA,NA,NA,NA,NA,NA,NA,NA,NA,NA,NA,NA,NA,NA,NA,NA,NA,NA,"-77.4518447","38.740652"
"4042896281","Exxon",NA,"Herndon",NA,"11519","20170","VA","Leesburg Pike",NA,"fuel",NA,NA,NA,"yes",NA,"Exxon",NA,"Q109675651",NA,NA,NA,"yes",NA,NA,NA,NA,NA,NA,NA,NA,"yes",NA,NA,NA,NA,NA,NA,NA,NA,NA,NA,NA,"yes",NA,NA,NA,NA,NA,NA,NA,NA,NA,NA,NA,NA,"24/7",NA,NA,"yes",NA,NA,NA,NA,NA,"yes",NA,NA,NA,"+1 703-421-3735","200317574",NA,NA,"yes",NA,NA,NA,NA,NA,"https://www.exxon.com/en/find-station/exxon-herndon-va-uppys81-200317574",NA,NA,"-77.344646","38.9997195"
"4230108622","Mobil",NA,"Alexandria",NA,"6817","22306","VA","Richmond Highway",NA,"fuel",NA,NA,NA,"yes",NA,"Mobil",NA,"Q109676002",NA,NA,NA,"yes",NA,NA,NA,NA,NA,NA,NA,"yes",NA,NA,NA,NA,NA,NA,"yes",NA,NA,NA,NA,NA,"yes",NA,NA,NA,NA,NA,NA,NA,NA,NA,NA,NA,NA,"Mo-Su 06:00-23:00",NA,NA,NA,NA,NA,NA,NA,NA,NA,NA,NA,NA,"+1 703-768-0107",NA,NA,NA,"yes",NA,NA,NA,NA,"yes","https://www.exxon.com/en/find-station/alexandria-va-alexandriarichhwy-200309508",NA,NA,"-77.081483","38.7697661"
"4377831275","Shell",NA,"Ashburn",NA,"44245","20147","VA","Ice Rink Plaza",NA,"fuel",NA,NA,NA,NA,NA,"Shell",NA,"Q110716465",NA,NA,NA,NA,NA,NA,NA,NA,NA,NA,NA,NA,NA,NA,NA,NA,NA,NA,NA,NA,NA,NA,NA,NA,NA,NA,NA,NA,NA,NA,NA,NA,NA,NA,NA,NA,NA,NA,NA,NA,NA,NA,NA,NA,NA,NA,NA,NA,NA,NA,NA,NA,NA,NA,NA,NA,NA,NA,NA,NA,"https://find.shell.com/us/fuel/10014563-44245-ice-rink-plz",NA,NA,"-77.4697577","39.0193078"
"4580694607","Anderson Sunoco",NA,"Arlington",NA,"5501","22207","VA","Langston Boulevard",NA,"fuel",NA,NA,NA,NA,NA,NA,NA,NA,NA,NA,NA,NA,NA,NA,NA,NA,NA,NA,NA,NA,NA,NA,NA,NA,NA,NA,NA,NA,NA,NA,NA,NA,NA,NA,NA,NA,NA,NA,NA,NA,NA,NA,"Store #0011966903",NA,NA,"24/7",NA,NA,NA,NA,NA,NA,NA,NA,NA,NA,NA,NA,"+1 571-732-2886",NA,NA,NA,NA,NA,NA,NA,NA,NA,NA,NA,NA,"-77.1391194","38.896235"
"4580751297","Foreign Car Service Center",NA,"Arlington",NA,"2758","22201","VA","Washington Boulevard",NA,"fuel",NA,NA,NA,NA,NA,"Power Fuel",NA,NA,NA,NA,NA,NA,NA,NA,NA,NA,NA,NA,NA,"no",NA,NA,"yes","yes","yes","yes",NA,"yes","yes",NA,"yes",NA,NA,NA,NA,NA,NA,NA,NA,NA,NA,NA,NA,NA,NA,NA,NA,"yes",NA,NA,NA,NA,"yes",NA,NA,"yes",NA,"yes","+1 703-522-3939",NA,NA,NA,NA,NA,NA,NA,NA,"yes",NA,NA,NA,"-77.0908622","38.8810265"
"4580751298","Lyon Park Liberty",NA,"Arlington",NA,"2717","22201","VA","North Pershing Drive",NA,"fuel",NA,NA,NA,"yes",NA,"Liberty","http://www.libertypetroleum.com/","Q96781174",NA,NA,NA,NA,NA,NA,NA,NA,NA,NA,NA,"no",NA,NA,"yes","yes","yes","yes",NA,"yes","yes",NA,"yes",NA,NA,NA,NA,NA,NA,NA,NA,NA,NA,NA,NA,NA,NA,NA,NA,NA,NA,NA,NA,NA,NA,NA,NA,NA,NA,NA,"+1 703-528-8320",NA,NA,NA,NA,NA,NA,NA,NA,NA,NA,NA,NA,"-77.0910144","38.8806757"
"4919954928","Costco Gasoline",NA,"Fairfax",NA,"4725","22030","VA","West Ox Road",NA,"fuel",NA,NA,NA,NA,NA,"Costco Gasoline",NA,"Q715583",NA,NA,NA,NA,NA,NA,NA,NA,NA,NA,NA,NA,NA,NA,NA,NA,NA,NA,NA,NA,NA,NA,NA,NA,NA,NA,NA,NA,NA,NA,NA,NA,NA,NA,NA,NA,NA,NA,"Costco",NA,NA,NA,NA,NA,NA,NA,NA,NA,NA,NA,NA,NA,NA,NA,NA,NA,NA,"DigitalGlobe-Premium",NA,NA,"https://www.costco.com/warehouse-locations/fairfax-va-204.html",NA,NA,"-77.3720382","38.8482804"
"5125112599","7-11",NA,NA,"US","12125","20112-3542","VA","Dumfries Road",NA,"fuel",NA,NA,NA,NA,NA,"7-Eleven",NA,"Q259340",NA,NA,NA,NA,NA,NA,NA,NA,NA,NA,NA,NA,NA,NA,NA,NA,NA,NA,NA,NA,NA,NA,NA,NA,NA,NA,NA,NA,NA,NA,NA,NA,NA,NA,NA,NA,NA,NA,NA,NA,NA,NA,NA,NA,NA,NA,NA,NA,NA,NA,"+1 703-791-3217",NA,NA,NA,NA,NA,NA,NA,NA,NA,"https://www.7-eleven.com/locations/va/manassas/12125-dumfries-rd-16335",NA,NA,"-77.4406366","38.6894499"
"5202532694","Citgo",NA,"Oakton",NA,"9501","22031","VA","Blake Lane",NA,"fuel",NA,NA,NA,NA,NA,"Citgo",NA,"Q2974437",NA,NA,NA,NA,NA,NA,NA,NA,NA,NA,NA,"yes","yes",NA,NA,NA,NA,NA,NA,NA,NA,NA,NA,NA,NA,NA,NA,NA,NA,NA,NA,NA,NA,NA,NA,NA,NA,"24/7","Kenyon Oil Co, Inc",NA,NA,NA,NA,NA,NA,NA,NA,NA,NA,NA,NA,NA,NA,NA,NA,NA,NA,NA,NA,NA,NA,NA,NA,"-77.2740572","38.8669698"
"5281961117","Shell",NA,"Fairfax",NA,"8712","22031","VA","Little River Turnpike",NA,"fuel",NA,NA,NA,NA,NA,"Shell",NA,"Q110716465",NA,NA,NA,NA,NA,NA,NA,NA,NA,NA,NA,"yes",NA,NA,"yes",NA,NA,NA,NA,NA,NA,NA,NA,NA,NA,NA,NA,NA,NA,NA,NA,NA,NA,NA,NA,NA,NA,"24/7",NA,NA,NA,NA,NA,NA,NA,NA,NA,NA,NA,NA,NA,NA,NA,NA,NA,NA,NA,NA,NA,NA,"https://www.shell.us/",NA,NA,"-77.2464329","38.838365"
"5312841412","Exxon",NA,"Sterling",NA,"22605","20164","VA","Glenn Drive",NA,"fuel",NA,NA,NA,"yes",NA,"Exxon",NA,"Q109675651",NA,"yes",NA,"yes",NA,NA,NA,NA,NA,NA,NA,NA,"yes",NA,NA,NA,NA,NA,NA,NA,NA,NA,NA,NA,"yes",NA,NA,NA,NA,NA,NA,NA,NA,NA,NA,NA,NA,"24/7",NA,NA,"yes",NA,NA,NA,NA,"yes","yes",NA,NA,NA,"+1 703-421-7621","200316421",NA,NA,"yes",NA,NA,NA,NA,NA,"https://www.exxon.com/en/find-station/exxon-sterling-va-holtzmanexpresssterling-200316421",NA,NA,"-77.4253015","38.9914188"
"5546204309","Shell",NA,"Manassas",NA,"8904","20110","VA","Centreville Road",NA,"fuel",NA,NA,NA,NA,NA,"Shell",NA,"Q110716465",NA,NA,NA,NA,NA,NA,NA,NA,NA,NA,NA,NA,NA,NA,NA,NA,NA,NA,NA,NA,NA,NA,NA,NA,NA,NA,NA,NA,NA,NA,NA,NA,NA,NA,NA,NA,NA,NA,NA,NA,NA,NA,NA,NA,NA,NA,NA,NA,NA,NA,NA,NA,NA,NA,NA,NA,NA,NA,NA,NA,NA,NA,NA,"-77.4606549","38.7618405"
"5589301167","Telegraph BP",NA,"Alexandria",NA,"5700","22303","VA","Telegraph Road",NA,"fuel",NA,NA,NA,"yes",NA,"BP",NA,"Q152057",NA,NA,NA,NA,NA,NA,NA,NA,NA,NA,NA,NA,NA,NA,NA,NA,NA,NA,NA,NA,NA,NA,NA,NA,NA,NA,NA,NA,NA,"wifi",NA,NA,NA,NA,NA,NA,NA,"Mo-Sa 05:00-23:00; Su 06:00-23:00",NA,NA,NA,NA,NA,NA,NA,NA,NA,NA,NA,NA,"+1 703-960-2030",NA,NA,NA,NA,NA,"car_repair",NA,"yes",NA,NA,NA,NA,"-77.0817225","38.7967886"
"5637405474","Exxon",NA,"Arlington","US","2316","22206","VA","Shirlington Road",NA,"fuel",NA,NA,NA,NA,NA,"Exxon",NA,"Q109675651",NA,NA,NA,"yes",NA,NA,NA,NA,NA,NA,NA,"yes","yes",NA,"yes",NA,NA,NA,NA,NA,NA,NA,NA,NA,"yes",NA,NA,NA,NA,NA,NA,NA,NA,NA,NA,NA,NA,"Mo-Su 07:00-22:00",NA,NA,"yes",NA,NA,NA,NA,NA,"yes",NA,NA,NA,"+1 703-575-4011","200310102",NA,NA,"yes",NA,NA,NA,NA,"yes","https://www.exxon.com/en/find-station/exxon-arlington-va-shirlingtonroadexxon-200310102",NA,NA,"-77.0851982","38.8436878"
"6245690224","Wawa",NA,"Woodbridge",NA,"13355","22192","VA","Minnieville Road",NA,"fuel",NA,NA,NA,NA,NA,"Wawa",NA,"Q5936320",NA,NA,NA,NA,NA,NA,NA,NA,NA,NA,NA,"yes",NA,NA,"yes",NA,NA,NA,NA,NA,NA,NA,NA,NA,NA,NA,NA,NA,NA,NA,NA,NA,NA,NA,"Store #661",NA,NA,"24/7",NA,NA,NA,NA,NA,NA,NA,NA,NA,NA,NA,NA,"+1 703-492-9984",NA,NA,NA,NA,NA,NA,NA,NA,NA,"https://www.wawa.com/",NA,NA,"-77.3000552","38.6589052"
"6496490204","Sunoco",NA,"Fairfax",NA,"10383","22030","VA","Route 29",NA,"fuel",NA,NA,NA,NA,NA,"Sunoco",NA,"Q1423218",NA,NA,NA,NA,NA,NA,NA,NA,NA,NA,NA,NA,NA,NA,NA,NA,NA,NA,NA,NA,NA,NA,NA,NA,NA,NA,NA,NA,NA,NA,NA,NA,NA,NA,NA,NA,NA,NA,"University Sunoco",NA,NA,NA,NA,NA,NA,NA,NA,NA,NA,NA,NA,NA,NA,NA,NA,NA,NA,"EsriWorldImageryClarity",NA,NA,NA,NA,NA,"-77.3034021","38.8595112"
"6514218117","Sunoco",NA,"Woodbridge",NA,"1260","22191","VA","Annapolis Way",NA,"fuel",NA,NA,NA,NA,NA,"Sunoco",NA,"Q1423218",NA,NA,NA,NA,NA,NA,NA,NA,NA,NA,NA,NA,NA,NA,NA,NA,NA,NA,NA,NA,NA,NA,NA,NA,NA,NA,NA,NA,NA,NA,NA,NA,NA,NA,NA,NA,NA,NA,NA,NA,NA,NA,NA,NA,NA,NA,NA,NA,NA,NA,NA,NA,NA,NA,NA,NA,NA,"Bing",NA,NA,NA,NA,NA,"-77.2505036","38.6652726"
"6993933254","7-Eleven",NA,"Manassas",NA,"9407",NA,"VA","Grant Avenue",NA,"fuel",NA,NA,NA,NA,NA,"7-Eleven",NA,"Q259340",NA,NA,NA,NA,NA,NA,NA,NA,NA,NA,"yes",NA,NA,NA,NA,NA,NA,NA,NA,NA,NA,NA,NA,NA,NA,NA,NA,NA,NA,NA,NA,NA,NA,NA,NA,NA,NA,NA,NA,NA,NA,NA,NA,NA,NA,NA,NA,NA,NA,NA,NA,NA,NA,NA,NA,NA,NA,NA,NA,NA,NA,NA,NA,"-77.4748193","38.7512615"
"7911132633","Liberty",NA,"Alexandria",NA,"1066","22305","VA","West Glebe Road",NA,"fuel","restroom",NA,NA,NA,NA,"Liberty",NA,"Q96781174",NA,NA,NA,NA,NA,NA,NA,NA,NA,NA,NA,"no",NA,NA,"yes","yes",NA,NA,NA,"yes",NA,NA,NA,NA,NA,NA,NA,NA,NA,NA,NA,NA,NA,NA,"NO DIESEL",NA,NA,NA,NA,NA,NA,NA,NA,NA,NA,NA,NA,NA,NA,NA,NA,NA,NA,NA,"yes",NA,"convenience",NA,NA,NA,NA,NA,NA,"-77.0772228","38.8430299"
"7956193924","Shell",NA,"Alexandria",NA,"6700","22315","VA","South Van Dorn Street",NA,"fuel",NA,NA,NA,"yes",NA,"Shell","https://find.shell.com/us/fuel/12610023-6700-s-van-dorn-st/en_US","Q110716465",NA,"yes",NA,"yes",NA,NA,NA,NA,NA,NA,NA,NA,NA,NA,"yes",NA,NA,NA,NA,NA,NA,NA,NA,NA,NA,NA,NA,NA,NA,NA,NA,NA,NA,NA,NA,NA,NA,"Mo-Su 05:00-23:59",NA,NA,NA,NA,NA,NA,NA,NA,NA,NA,NA,NA,"+1 703-296-5410",NA,"yes",NA,NA,NA,NA,NA,NA,NA,NA,NA,NA,"-77.1321807","38.7723071"
"8343539098","Woodlawn Auto Center Inc",NA,"Alexandria",NA,"5634","22309","VA","Mount Vernon Memorial Highway",NA,"fuel",NA,NA,NA,NA,NA,"Crown",NA,"Q5189323",NA,NA,NA,NA,NA,NA,NA,NA,NA,NA,NA,NA,NA,NA,"yes",NA,NA,NA,NA,"yes","yes",NA,"yes",NA,NA,NA,NA,NA,NA,NA,NA,NA,NA,NA,NA,NA,NA,NA,"Woodlawn Auto Center Inc",NA,NA,NA,NA,NA,NA,NA,NA,NA,NA,NA,NA,NA,NA,NA,NA,NA,"car_repair",NA,NA,NA,"https://www.clarkbrands.com/",NA,NA,"-77.1318498","38.7161333"
"8362602316","Shell",NA,"Alexandria",NA,"6286","22312","VA","Little River Turnpike",NA,"fuel",NA,NA,NA,"yes",NA,"Shell","https://find.shell.com/us/fuel/10000598-6286-little-river-tpke/en_US","Q110716465",NA,NA,NA,"yes",NA,NA,NA,NA,NA,NA,NA,"yes",NA,NA,"yes",NA,NA,NA,NA,NA,NA,NA,NA,NA,NA,NA,NA,NA,NA,NA,NA,NA,NA,NA,NA,NA,NA,"24/7",NA,NA,NA,NA,"yes",NA,NA,NA,NA,NA,NA,NA,"+1-703-941-3870",NA,NA,"yes",NA,NA,NA,NA,NA,NA,NA,NA,NA,"-77.1428515","38.8184765"
"8364779170","Speedway",NA,"Alexandria",NA,"7600","22306","VA","Richmond Highway",NA,"fuel",NA,NA,NA,NA,NA,"Speedway",NA,"Q7575683",NA,NA,NA,NA,NA,NA,NA,NA,NA,NA,NA,"yes",NA,NA,NA,NA,NA,NA,NA,NA,NA,NA,NA,NA,NA,NA,NA,NA,NA,NA,NA,NA,NA,NA,NA,NA,NA,NA,NA,NA,NA,NA,NA,NA,NA,NA,NA,NA,NA,NA,NA,"2869",NA,NA,NA,NA,NA,NA,NA,NA,"https://www.speedway.com/locations/VA/Alexandria/7600-RICHMOND-HWY",NA,NA,"-77.0836827","38.7519129"
"8418586632","Marathon",NA,"Falls Church",NA,"5652","22041","VA","Columbia Pike",NA,"fuel",NA,NA,NA,NA,NA,"Marathon",NA,"Q458363",NA,NA,NA,NA,NA,NA,NA,NA,NA,NA,NA,NA,NA,NA,NA,NA,NA,NA,NA,NA,NA,NA,NA,NA,NA,NA,NA,NA,NA,NA,NA,NA,NA,NA,NA,NA,NA,NA,"Fariha Inc",NA,NA,NA,NA,NA,NA,NA,NA,NA,NA,NA,NA,NA,NA,NA,NA,NA,NA,NA,NA,NA,NA,NA,NA,"-77.12483","38.8527286"
"8430021691","Exxon",NA,"West Springfield",NA,"8400","22152-2302","VA","Old Keene Mill Road",NA,"fuel",NA,NA,NA,"yes",NA,"Exxon",NA,"Q109675651",NA,NA,NA,"yes",NA,NA,NA,NA,NA,NA,NA,NA,"yes",NA,NA,NA,NA,NA,NA,NA,NA,NA,NA,NA,"yes",NA,NA,NA,NA,NA,NA,NA,NA,NA,NA,NA,NA,"24/7",NA,NA,"yes",NA,NA,NA,NA,NA,"yes",NA,NA,NA,"+1 703-644-9882","200313321",NA,NA,"yes",NA,NA,NA,"yes",NA,"https://www.exxon.com/en/find-station/exxon-westspringfield-va-westspringfieldexxontigermart-200313321",NA,NA,"-77.2340753","38.7794077"
"8582812922","Woodbridge Exxon",NA,"Woodbridge","US","14451","22191","VA","Jefferson Davis Highway",NA,"fuel",NA,NA,NA,NA,NA,"Exxon",NA,"Q109675651",NA,NA,NA,"yes",NA,NA,NA,NA,NA,NA,NA,"yes","yes",NA,"yes",NA,NA,NA,NA,NA,NA,NA,NA,NA,"yes",NA,NA,NA,NA,NA,NA,NA,NA,NA,NA,NA,NA,"24/7",NA,NA,"yes",NA,NA,NA,NA,NA,"yes",NA,NA,NA,"+1 703-490-3784","200317975",NA,NA,"yes",NA,NA,NA,"yes","yes","https://www.exxon.com/en/find-station/exxon-woodbridge-va-woodbridgeexxon-200317975",NA,NA,"-77.2672885","38.6391136"
"8583875554","Sunoco",NA,"Alexandria",NA,"7302","22306","VA","Richmond Highway",NA,"fuel",NA,NA,NA,NA,NA,"Sunoco",NA,"Q1423218",NA,NA,NA,NA,NA,NA,NA,NA,NA,NA,NA,NA,NA,NA,NA,NA,NA,NA,NA,NA,NA,NA,NA,NA,NA,NA,NA,NA,NA,NA,NA,NA,NA,NA,NA,NA,NA,NA,NA,NA,NA,NA,NA,NA,NA,NA,NA,NA,NA,NA,NA,"0100214602",NA,NA,NA,"yes",NA,NA,NA,NA,NA,NA,NA,"-77.0843492","38.7593609"
"9262606044","Speedway",NA,"Annandale",NA,"7100","22003","VA","Little River Turnpike",NA,"fuel",NA,NA,NA,NA,NA,"Speedway",NA,"Q7575683",NA,NA,NA,NA,NA,NA,NA,NA,NA,NA,NA,NA,NA,NA,NA,NA,NA,NA,NA,NA,NA,NA,NA,NA,NA,NA,NA,NA,NA,NA,NA,NA,NA,NA,NA,NA,NA,"24/7",NA,NA,NA,NA,NA,NA,NA,NA,NA,NA,NA,NA,NA,"2870",NA,NA,NA,NA,NA,NA,NA,NA,"https://www.speedway.com/locations/VA/Annandale/7100-LITTLE-RIVER-TPKE",NA,NA,"-77.1904987","38.829869"
"9484811966","Royal Gas & Auto Service",NA,"Fairfax",NA,"10423","22030","VA","Main Street",NA,"fuel",NA,NA,NA,NA,NA,NA,NA,NA,NA,NA,NA,NA,NA,NA,NA,NA,NA,NA,NA,NA,NA,NA,NA,NA,NA,NA,NA,NA,NA,NA,NA,NA,NA,NA,NA,NA,NA,NA,NA,NA,NA,NA,NA,NA,NA,NA,NA,NA,NA,NA,NA,NA,NA,NA,NA,NA,NA,NA,NA,NA,NA,NA,NA,NA,"car_repair",NA,NA,NA,NA,NA,NA,"-77.3062916","38.8459724"
"10234930490","Exxon",NA,"Mclean","US","801","22101","VA","Dolley Madison Boulevard",NA,"fuel",NA,NA,NA,"yes",NA,"Exxon",NA,"Q109675651",NA,NA,NA,"yes",NA,NA,NA,NA,NA,NA,NA,NA,"yes",NA,NA,NA,NA,NA,NA,NA,NA,NA,NA,NA,NA,NA,NA,NA,NA,NA,NA,NA,NA,NA,NA,NA,NA,"Mo-Su 06:00-21:00",NA,NA,"yes",NA,NA,NA,NA,NA,"yes",NA,NA,NA,"+1 703-347-6804","200315899",NA,NA,"yes",NA,NA,NA,NA,NA,"https://www.exxon.com/en/find-station/exxon-mclean-va-langleyexxon-200315899",NA,NA,"-77.1364123","38.939996"
"11377619366","WaWa",NA,"Fairfax",NA,"9700","22031","VA","Fairfax Boulevard",NA,"fuel",NA,NA,NA,NA,NA,"Wawa",NA,"Q5936320",NA,NA,NA,NA,NA,NA,NA,NA,NA,NA,NA,NA,NA,NA,NA,NA,NA,NA,NA,NA,NA,NA,NA,NA,NA,NA,NA,NA,NA,NA,NA,NA,NA,NA,NA,NA,NA,"24/7",NA,NA,NA,NA,NA,NA,NA,NA,NA,NA,NA,NA,"+1 (703) 902-0014",NA,NA,NA,"yes",NA,NA,NA,NA,NA,"https://www.wawa.com/locations/8671",NA,NA,"-77.2797549","38.8644713"
"11787156929","BP",NA,"Fairfax",NA,"11119","22030","VA","Fairfax Boulevard",NA,"fuel",NA,NA,NA,NA,NA,"BP",NA,"Q152057",NA,NA,NA,NA,NA,NA,NA,NA,NA,NA,NA,NA,NA,NA,NA,NA,NA,NA,NA,NA,NA,NA,NA,NA,NA,NA,NA,NA,NA,NA,NA,NA,NA,NA,NA,NA,NA,NA,NA,NA,NA,NA,NA,NA,NA,NA,NA,NA,NA,NA,NA,NA,NA,NA,NA,NA,NA,NA,NA,NA,NA,NA,NA,"-77.3296088","38.8544745"
"11787165757","Shell",NA,"Fairfax",NA,"11201","22030","VA","Fairfax Boulevard",NA,"fuel",NA,NA,NA,NA,NA,"Shell",NA,"Q110716465",NA,NA,NA,NA,NA,NA,NA,NA,NA,NA,NA,NA,NA,NA,NA,NA,NA,NA,NA,NA,NA,NA,NA,NA,NA,NA,NA,NA,NA,NA,NA,NA,NA,NA,NA,NA,NA,NA,NA,NA,NA,NA,NA,NA,NA,NA,NA,NA,NA,NA,NA,NA,NA,NA,NA,NA,NA,NA,NA,NA,NA,NA,NA,"-77.333016","38.855878"
"11787197539","Citgo",NA,"Fairfax",NA,"8318","22031","VA","Route 29",NA,"fuel",NA,NA,NA,NA,NA,"Citgo",NA,"Q2974437","yes",NA,NA,NA,NA,NA,NA,NA,NA,NA,NA,NA,NA,NA,NA,NA,NA,NA,NA,NA,NA,NA,NA,NA,NA,NA,NA,NA,NA,NA,NA,NA,NA,NA,NA,NA,NA,NA,NA,NA,NA,NA,NA,NA,NA,NA,NA,NA,NA,NA,NA,NA,NA,NA,NA,NA,NA,NA,NA,NA,NA,NA,NA,"-77.2343181","38.8741412"
"11787202434","Mobil",NA,"Fairfax",NA,"10800","22030","VA","Lee Highway",NA,"fuel",NA,NA,NA,NA,NA,"Mobil",NA,"Q109676002","yes",NA,NA,NA,NA,NA,NA,NA,NA,NA,NA,NA,NA,NA,NA,NA,NA,NA,NA,NA,NA,NA,NA,NA,NA,NA,NA,NA,NA,NA,NA,NA,NA,NA,NA,NA,NA,NA,NA,NA,NA,NA,NA,NA,NA,NA,NA,NA,NA,NA,NA,NA,NA,NA,NA,NA,NA,NA,NA,NA,NA,NA,NA,"-77.3170714","38.8549493"
"11787202799","Exxon",NA,"Herndon",NA,"597","20170","VA","Elden Street",NA,"fuel",NA,NA,NA,"yes",NA,"Exxon",NA,"Q109675651","yes","yes",NA,"yes",NA,NA,NA,NA,NA,NA,NA,NA,"yes",NA,NA,NA,NA,NA,NA,NA,NA,NA,NA,NA,"yes",NA,NA,NA,NA,NA,NA,NA,NA,NA,NA,NA,NA,"24/7",NA,NA,"yes",NA,NA,NA,NA,NA,"yes",NA,NA,NA,"+1 703-471-7022","200315807",NA,NA,"yes",NA,NA,NA,"yes",NA,"https://www.exxon.com/en/find-station/exxon-herndon-va-25301eldenstreet-200315807",NA,NA,"-77.3801416","38.9683854"
"11787204247","Exxon",NA,"Annandale",NA,"3403","22003","VA","Holly Road",NA,"fuel",NA,NA,NA,NA,NA,"Exxon",NA,"Q109675651","yes",NA,NA,"yes",NA,NA,NA,NA,NA,NA,NA,NA,"yes",NA,NA,NA,NA,NA,NA,NA,NA,NA,NA,NA,NA,NA,NA,NA,NA,NA,NA,NA,NA,NA,NA,NA,NA,"24/7",NA,NA,"yes",NA,NA,NA,NA,NA,"yes",NA,NA,NA,"+1 703-560-4500","200312535",NA,NA,"yes",NA,NA,"microsoft/BuildingFootprints",NA,NA,"https://www.exxon.com/en/find-station/exxon-annandale-va-gallowsmart-200312535",NA,NA,"-77.2224243","38.8544798"
"11787226557","Shell",NA,"Fairfax",NA,"11175","22030","VA","Lee Highway",NA,"fuel",NA,NA,NA,NA,NA,"Shell",NA,"Q110716465","yes",NA,NA,NA,NA,NA,NA,NA,NA,NA,NA,NA,NA,NA,NA,NA,NA,NA,NA,NA,NA,NA,NA,NA,NA,NA,NA,NA,NA,NA,NA,NA,NA,NA,NA,NA,NA,NA,NA,NA,NA,NA,NA,NA,NA,NA,NA,NA,NA,NA,NA,NA,NA,NA,NA,NA,NA,NA,NA,NA,NA,NA,NA,"-77.3308897","38.8514158"
"11787235011","Hunter Woods Exxon",NA,"Reston",NA,"12080","20191","VA","Glade Drive",NA,"fuel",NA,NA,NA,NA,NA,"Exxon",NA,"Q109675651","yes",NA,NA,NA,NA,NA,NA,NA,NA,NA,NA,NA,NA,NA,NA,NA,NA,NA,NA,NA,NA,NA,NA,NA,NA,NA,NA,NA,NA,NA,NA,NA,NA,NA,NA,NA,NA,NA,NA,NA,NA,NA,NA,NA,NA,NA,NA,NA,NA,NA,"+1 703-860-0414",NA,NA,NA,NA,NA,NA,"Observation, website search",NA,NA,"http://www.exxonmobilstations.com/23166-hunters-wood-exxon-reston",NA,NA,"-77.3634136","38.9353956"
"11787235225","Quarles Fleet Fueling",NA,"Fairfax",NA,"8902","22031","VA","Route 29",NA,"fuel",NA,NA,NA,NA,NA,NA,NA,NA,"service",NA,NA,NA,NA,NA,NA,NA,NA,NA,NA,NA,NA,NA,NA,NA,NA,NA,NA,NA,NA,NA,NA,NA,NA,NA,NA,NA,NA,NA,NA,NA,NA,NA,NA,NA,NA,NA,NA,NA,NA,NA,NA,NA,NA,NA,NA,NA,NA,NA,NA,NA,NA,NA,NA,NA,NA,NA,NA,NA,NA,NA,NA,"-77.2520215","38.8729397"
"11787247434","Exxon",NA,"Vienna",NA,"8526","22182","VA","Leesburg Pike",NA,"fuel",NA,NA,NA,"yes",NA,"Exxon",NA,"Q109675651","roof","yes",NA,"yes",NA,NA,NA,NA,NA,NA,NA,NA,"yes",NA,NA,NA,NA,NA,NA,NA,NA,NA,NA,NA,"yes",NA,NA,NA,NA,NA,NA,"1",NA,NA,NA,NA,NA,"24/7",NA,NA,"yes",NA,NA,NA,NA,NA,"yes",NA,NA,NA,"+1 703-827-0611","200315809",NA,NA,"yes",NA,NA,"Bing","yes",NA,"https://www.exxon.com/en/find-station/exxon-vienna-va-schmitzexxonservice-200315809",NA,NA,"-77.2401928","38.9282055"
"11787254744","Shell",NA,"Fairfax",NA,"11090","22030","VA","Lee Highway",NA,"fuel",NA,NA,NA,NA,NA,"Shell",NA,"Q110716465","roof",NA,NA,NA,NA,NA,NA,NA,NA,NA,NA,NA,NA,NA,NA,NA,NA,NA,NA,NA,NA,NA,NA,NA,NA,NA,NA,NA,NA,NA,NA,NA,NA,NA,NA,NA,NA,NA,NA,NA,NA,NA,NA,NA,NA,NA,NA,NA,NA,NA,NA,NA,NA,NA,NA,NA,NA,NA,NA,NA,NA,NA,NA,"-77.3279334","38.8526349"
"11787254758","Vienna Gas & Auto Care",NA,"Vienna",NA,"410","22180","VA","Maple Avenue East",NA,"fuel",NA,NA,NA,NA,NA,"Unknown",NA,NA,"yes",NA,NA,NA,NA,NA,NA,NA,NA,NA,NA,NA,NA,NA,NA,NA,NA,NA,NA,NA,NA,NA,NA,NA,NA,NA,NA,NA,NA,NA,NA,NA,NA,NA,NA,NA,NA,NA,NA,NA,NA,NA,NA,NA,NA,NA,NA,NA,NA,NA,NA,NA,NA,NA,NA,NA,"car_repair",NA,NA,NA,"https://www.viennagasautocare.com/",NA,NA,"-77.2578458","38.9078952"
"11787272614","Shell",NA,"Vienna",NA,"545","22180","VA","Maple Avenue West",NA,"fuel",NA,NA,NA,NA,NA,"Shell",NA,"Q110716465","roof",NA,NA,NA,NA,NA,NA,NA,NA,NA,NA,NA,NA,NA,NA,NA,NA,NA,NA,NA,NA,NA,NA,NA,NA,NA,NA,NA,NA,NA,NA,"1",NA,NA,NA,NA,NA,NA,NA,NA,NA,NA,NA,NA,NA,NA,NA,NA,NA,NA,NA,NA,NA,NA,"yes",NA,NA,NA,NA,NA,NA,NA,NA,"-77.2755253","38.8937468"
"11787272716","Sunoco Gas Station",NA,"Oakton",NA,"2961","22124","VA","Hunter Mill Road",NA,"fuel",NA,NA,NA,NA,NA,"Sunoco",NA,"Q1423218",NA,NA,NA,NA,NA,NA,NA,NA,NA,NA,NA,NA,NA,NA,NA,NA,NA,NA,NA,NA,NA,NA,NA,NA,NA,NA,NA,NA,NA,NA,NA,NA,NA,NA,NA,NA,NA,NA,NA,NA,NA,NA,NA,NA,NA,NA,NA,NA,NA,NA,NA,NA,NA,NA,NA,NA,"car_repair",NA,NA,NA,NA,NA,NA,"-77.300746","38.8837239"
"11787277371","Mobil",NA,"Vienna",NA,"200","22180","VA","Maple Avenue East",NA,"fuel",NA,NA,NA,NA,NA,"Mobil",NA,"Q109676002","retail",NA,NA,NA,NA,NA,NA,NA,NA,NA,NA,NA,NA,NA,NA,NA,NA,NA,NA,NA,NA,NA,NA,NA,NA,NA,NA,NA,NA,NA,NA,"1",NA,NA,NA,NA,NA,NA,NA,NA,NA,NA,NA,NA,NA,NA,NA,NA,NA,NA,NA,NA,NA,NA,NA,NA,NA,NA,NA,NA,NA,NA,NA,"-77.262834","38.9038326"
"11787280663","Shell",NA,"Vienna",NA,"252","22180","VA","Maple Avenue West",NA,"fuel",NA,NA,NA,NA,NA,"Shell",NA,"Q110716465","roof",NA,NA,NA,NA,NA,NA,NA,NA,NA,NA,NA,NA,NA,NA,NA,NA,NA,NA,NA,NA,NA,NA,NA,NA,NA,NA,NA,NA,NA,NA,"1",NA,NA,NA,NA,NA,NA,NA,NA,NA,NA,NA,NA,NA,NA,NA,NA,NA,NA,NA,NA,NA,NA,NA,NA,"convenience",NA,NA,NA,NA,NA,NA,"-77.2689517","38.8982569"
"11787283777","Sunoco",NA,"Vienna",NA,"102","22180","VA","Maple Avenue West",NA,"fuel",NA,NA,NA,NA,NA,"Sunoco",NA,"Q1423218","roof",NA,NA,NA,NA,NA,NA,NA,NA,NA,NA,NA,NA,NA,NA,NA,NA,NA,NA,NA,NA,NA,NA,NA,NA,NA,NA,NA,NA,NA,NA,NA,NA,NA,NA,NA,NA,NA,NA,NA,NA,NA,NA,NA,NA,NA,NA,NA,NA,NA,NA,NA,NA,NA,"yes",NA,"car_repair",NA,NA,NA,NA,NA,NA,"-77.2653061","38.901216"
